freq, win, val
0.0,0.0,3.516497753635968
0.0,0.0515625,5.469934465203824
0.0,0.103125,6.330332975749423
0.0,0.1546875,6.889925531299311
0.0,0.20625,7.402497909834525
0.0,0.2578125,7.761112773607495
0.0,0.309375,8.132728078569723
0.0,0.3609375,8.556210502883555
0.0,0.4125,8.515986513064087
0.0,0.4640625,8.708786973448378
0.0,0.515625,8.766053202590072
0.0,0.5671875,0.14360533888960436
0.0,0.61875,0.11668533895575522
0.0,0.6703125,0.1171287908788142
0.0,0.721875,0.1146409272546356
0.0,0.7734375,0.11408135000204801
0.0,0.825,0.11437548856755761
0.0,0.8765625,0.11465453147694032
0.0,0.928125,0.1149691016982925
0.0,0.9796875,0.11520198368359039
0.0,1.03125,0.11532040292408602
0.0,1.0828125,0.11641324082807328
0.0,1.134375,0.11659939192442972
0.0,1.1859375,0.11674705553587142
0.0,1.2375,0.11689153246346375
0.0,1.2890625,0.11661493174362172
0.0,1.340625,0.11678533722965917
0.0,1.3921875,0.11717745150300864
0.0,1.44375,0.11746075161773324
0.0,1.4953125,0.1177355074068665
0.0,1.546875,0.11799180812774315
0.0,1.5984375,0.11901975378400874
0.0,1.65,0.1193272102435817
0.0,1.7015625,0.11952826849825732
0.0,1.753125,0.11968809476650163
0.0,1.8046875,0.11978981866178683
0.0,1.85625,0.12000368452518916
0.0,1.9078125,0.12019941375964971
0.0,1.959375,0.12030123028807271
0.0,2.0109375,0.1204175265874151
0.0,2.0625,0.1206960151549889
0.0,2.1140625,0.12102572698412971
0.0,2.165625,0.12116070221816413
0.0,2.2171875,0.12130688519135743
0.0,2.26875,0.12144269965407492
0.0,2.3203125,0.12153181730207727
0.0,2.371875,0.12163106234133317
0.0,2.4234375,0.12175400714973766
0.0,2.475,0.12179876804040024
0.0,2.5265625,0.12175974183996095
0.0,2.578125,0.13665380955899065
0.0,2.6296875,0.12340142679129319
0.0,2.68125,0.12159990153861241
0.0,2.7328125,0.12122502541920098
0.0,2.784375,0.12095569948136348
0.0,2.8359375,0.122186695464866
0.0,2.8875,0.1225561839705421
0.0,2.9390625,0.12247358764768301
0.0,2.990625,0.12239353677091203
0.0,3.0421875,0.1223860793912171
0.0,3.09375,0.12262853257242105
0.0,3.1453125,0.1229063905757455
0.0,3.196875,0.12300157000148573
0.0,3.2484375,0.1230721162252886
0.0,3.3,0.12313608496582808
0.0,3.3515625,0.12362638906642333
0.0,3.403125,0.12399946963708408
0.0,3.4546875,0.12418828304765324
0.0,3.50625,0.12427165924291281
0.0,3.5578125,0.12427837845577469
0.0,3.609375,0.12455256003725146
0.0,3.6609375,0.1246917141648423
0.0,3.7125,0.12477233403973399
0.0,3.7640625,0.12483404817231733
0.0,3.815625,0.12489191982756193
0.0,3.8671875,0.12495830479713996
0.0,3.91875,0.12506104262928314
0.0,3.9703125,0.1251444656049408
0.0,4.021875,0.1252107037667829
0.0,4.0734375,0.12528253179595109
0.0,4.125,0.12533918280690853
0.0,4.1765625,0.12545277812427644
0.0,4.228125,0.12542442893671224
0.25,0.0,3.691629979653166
0.25,0.0515625,5.318552526794663
0.25,0.103125,6.326678856957054
0.25,0.1546875,6.874858412945928
0.25,0.20625,7.389521754110152
0.25,0.2578125,7.7610100555984705
0.25,0.309375,8.08727291384913
0.25,0.3609375,8.419499387887438
0.25,0.4125,8.453749875646858
0.25,0.4640625,8.583148259501776
0.25,0.515625,8.671202819188947
0.25,0.5671875,-0.13481029217888132
0.25,0.61875,-0.29037481451611297
0.25,0.6703125,-0.31811380789945265
0.25,0.721875,-0.3306270173745423
0.25,0.7734375,-0.3374261840861382
0.25,0.825,-0.338630269678277
0.25,0.8765625,-0.33744715796393093
0.25,0.928125,-0.33212454649006307
0.25,0.9796875,-0.322676889008644
0.25,1.03125,-0.3196227771664594
0.25,1.0828125,-0.3136035246062613
0.25,1.134375,-0.3046609945089845
0.25,1.1859375,-0.30453824334061474
0.25,1.2375,-0.3044068505789843
0.25,1.2890625,-0.3007557998399637
0.25,1.340625,-0.28032643326243856
0.25,1.3921875,-0.27592043691449997
0.25,1.44375,-0.2736016008406058
0.25,1.4953125,-0.2721362471463601
0.25,1.546875,-0.27117553737459993
0.25,1.5984375,-0.2701110360587234
0.25,1.65,-0.2764647184117212
0.25,1.7015625,-0.28263952265311126
0.25,1.753125,-0.282890496167478
0.25,1.8046875,-0.28281336032523985
0.25,1.85625,-0.28528081019853846
0.25,1.9078125,-0.2874343416025461
0.25,1.959375,-0.2883758635341799
0.25,2.0109375,-0.28828410718111364
0.25,2.0625,-0.28814630750242654
0.25,2.1140625,-0.28784307192602354
0.25,2.165625,-0.2877026562612784
0.25,2.2171875,-0.28758656560598767
0.25,2.26875,-0.28747317273102463
0.25,2.3203125,-0.28737354173851387
0.25,2.371875,-0.2872205135709805
0.25,2.4234375,-0.287098777082642
0.25,2.475,-0.2869682621169707
0.25,2.5265625,-0.28364864628124586
0.25,2.578125,-0.23505649059681877
0.25,2.6296875,-0.31209195319935623
0.25,2.68125,-0.3245560336505271
0.25,2.7328125,-0.3230101545464528
0.25,2.784375,-0.3240323270800741
0.25,2.8359375,-0.32434213827925373
0.25,2.8875,-0.324311380095588
0.25,2.9390625,-0.32528369944425567
0.25,2.990625,-0.3324357824692373
0.25,3.0421875,-0.33405032492025555
0.25,3.09375,-0.332832250592165
0.25,3.1453125,-0.33106747516039314
0.25,3.196875,-0.3309789499248782
0.25,3.2484375,-0.3309093742889201
0.25,3.3,-0.3308476845425778
0.25,3.3515625,-0.3249259356256663
0.25,3.403125,-0.3166555998064029
0.25,3.4546875,-0.3131224669828997
0.25,3.50625,-0.3122041854515416
0.25,3.5578125,-0.31171485691390116
0.25,3.609375,-0.31130873488372607
0.25,3.6609375,-0.3109540941088317
0.25,3.7125,-0.3107125755597366
0.25,3.7640625,-0.3106260902941669
0.25,3.815625,-0.3105553748418079
0.25,3.8671875,-0.31045576051687185
0.25,3.91875,-0.31030938303634004
0.25,3.9703125,-0.31022922117185336
0.25,4.021875,-0.3101673946648987
0.25,4.0734375,-0.31009873956693484
0.25,4.125,-0.3100334343092911
0.25,4.1765625,-0.309962651261694
0.25,4.228125,-0.30995969646208815
0.5,0.0,3.5657082677149687
0.5,0.0515625,5.789002415910041
0.5,0.103125,6.997486824814411
0.5,0.1546875,7.5724670675949675
0.5,0.20625,8.046259705297302
0.5,0.2578125,8.357611289183229
0.5,0.309375,8.577680146142438
0.5,0.3609375,8.773225080719314
0.5,0.4125,8.820812234053172
0.5,0.4640625,8.764189577131567
0.5,0.515625,8.837159334423726
0.5,0.5671875,1.7586003487817687
0.5,0.61875,1.6298877147524058
0.5,0.6703125,1.6261952487761082
0.5,0.721875,1.6112502200738352
0.5,0.7734375,1.6013389229160144
0.5,0.825,1.6011273473291707
0.5,0.8765625,1.6053428391579792
0.5,0.928125,1.5993524602987297
0.5,0.9796875,1.5998973447104003
0.5,1.03125,1.5923256636253251
0.5,1.0828125,1.5179375062920148
0.5,1.134375,1.48280664481141
0.5,1.1859375,1.4757296757078548
0.5,1.2375,1.470033325216709
0.5,1.2890625,1.190020633246343
0.5,1.340625,-0.7391524162495561
0.5,1.3921875,-0.8647982143745835
0.5,1.44375,-0.9894177300120792
0.5,1.4953125,-1.04689590712807
0.5,1.546875,-1.087561450255801
0.5,1.5984375,-1.1084747604691663
0.5,1.65,-1.1331581896464598
0.5,1.7015625,-1.1290706730308047
0.5,1.753125,-1.1239779487666215
0.5,1.8046875,-1.1235130020289092
0.5,1.85625,-1.0932707926229657
0.5,1.9078125,-1.089211184619053
0.5,1.959375,-1.086702833446937
0.5,2.0109375,-1.0857309249738079
0.5,2.0625,-1.0838817198741821
0.5,2.1140625,-1.0771712071974018
0.5,2.165625,-1.0750082852810592
0.5,2.2171875,-1.0738272155788038
0.5,2.26875,-1.0732174513862707
0.5,2.3203125,-1.072240193573688
0.5,2.371875,-1.0695427620567557
0.5,2.4234375,-1.068644601295835
0.5,2.475,-1.0672287148447346
0.5,2.5265625,-1.0566822478859885
0.5,2.578125,-0.9735046446280424
0.5,2.6296875,-0.9257507433858925
0.5,2.68125,-0.8949849546956467
0.5,2.7328125,-0.8787689027308511
0.5,2.784375,-0.8758126903410323
0.5,2.8359375,-0.8718039519872292
0.5,2.8875,-0.8460033439800231
0.5,2.9390625,-0.8370033836508649
0.5,2.990625,-0.8302615808666437
0.5,3.0421875,-0.8302792519569908
0.5,3.09375,-0.8447052265841594
0.5,3.1453125,-0.8356346615109699
0.5,3.196875,-0.830830392549231
0.5,3.2484375,-0.8289121494885763
0.5,3.3,-0.8277721325508491
0.5,3.3515625,-0.541032854810243
0.5,3.403125,-0.3802550974372617
0.5,3.4546875,-0.3362447579656578
0.5,3.50625,-0.32710665233092234
0.5,3.5578125,-0.328125069553517
0.5,3.609375,-0.3350712810173554
0.5,3.6609375,-0.34253909440766345
0.5,3.7125,-0.34517292679876554
0.5,3.7640625,-0.3464440385057077
0.5,3.815625,-0.34705424200575885
0.5,3.8671875,-0.34859753986415876
0.5,3.91875,-0.34825075894530544
0.5,3.9703125,-0.3480851061298389
0.5,4.021875,-0.3481423679404769
0.5,4.0734375,-0.34825289284478667
0.5,4.125,-0.3495309824028959
0.5,4.1765625,-0.35203688223578256
0.5,4.228125,-0.3526587315257335
0.75,0.0,5.834931313713588
0.75,0.0515625,7.0692442878263275
0.75,0.103125,7.838819707122079
0.75,0.1546875,8.518032972004344
0.75,0.20625,8.72767472090852
0.75,0.2578125,8.90241113526303
0.75,0.309375,9.038417078810959
0.75,0.3609375,9.07032376491333
0.75,0.4125,9.143183876098552
0.75,0.4640625,9.025039922979039
0.75,0.515625,9.154055413527223
0.75,0.5671875,4.592829206419923
0.75,0.61875,4.538901592311943
0.75,0.6703125,4.552940299756493
0.75,0.721875,4.545596048942327
0.75,0.7734375,4.532268654725323
0.75,0.825,4.535984804947767
0.75,0.8765625,4.485292120956937
0.75,0.928125,4.468594603852162
0.75,0.9796875,4.444231075808547
0.75,1.03125,4.430696755550196
0.75,1.0828125,1.6645417499260529
0.75,1.134375,1.154681148029538
0.75,1.1859375,1.1018171201642633
0.75,1.2375,1.0494852560079364
0.75,1.2890625,0.9575560492568774
0.75,1.340625,0.6650068363293766
0.75,1.3921875,0.5399294335442344
0.75,1.44375,0.27505501194957543
0.75,1.4953125,0.13670947696867047
0.75,1.546875,0.05152479322006774
0.75,1.5984375,-0.25416487894275475
0.75,1.65,-0.3149731740843098
0.75,1.7015625,-0.28176042648980526
0.75,1.753125,-0.2813440615390398
0.75,1.8046875,-0.2807530204757249
0.75,1.85625,-0.24840743610383467
0.75,1.9078125,-0.23716845513351076
0.75,1.959375,-0.23318998432015553
0.75,2.0109375,-0.23037388183232438
0.75,2.0625,-0.22351307977509755
0.75,2.1140625,-0.18604682111608428
0.75,2.165625,-0.16882477900516948
0.75,2.2171875,-0.1641082602741291
0.75,2.26875,-0.16013494610499543
0.75,2.3203125,-0.15611005452318905
0.75,2.371875,-0.144345370060742
0.75,2.4234375,-0.14172535259081803
0.75,2.475,-0.14232314476531022
0.75,2.5265625,-0.1414838244510862
0.75,2.578125,-0.13110011604814673
0.75,2.6296875,-0.12353192938976601
0.75,2.68125,-0.11748551696655131
0.75,2.7328125,-0.11470202077829471
0.75,2.784375,-0.11380742159365936
0.75,2.8359375,-0.09887516173127062
0.75,2.8875,-0.0791854790740541
0.75,2.9390625,-0.0753895859176426
0.75,2.990625,-0.07094690244715478
0.75,3.0421875,-0.06895988122825558
0.75,3.09375,0.08991130471812685
0.75,3.1453125,0.6154721748703775
0.75,3.196875,0.7265413388614838
0.75,3.2484375,0.7577011762766938
0.75,3.3,0.7738539201094031
0.75,3.3515625,0.7653862816611088
0.75,3.403125,0.7432900727832497
0.75,3.4546875,0.7451912020315479
0.75,3.50625,0.7431860376667511
0.75,3.5578125,0.7381769989101274
0.75,3.609375,0.7195694729176348
0.75,3.6609375,0.6896164507550845
0.75,3.7125,0.6834322611097842
0.75,3.7640625,0.6808059953009121
0.75,3.815625,0.6798180498959321
0.75,3.8671875,0.6783634021538716
0.75,3.91875,0.6834285983420118
0.75,3.9703125,0.6847938103080992
0.75,4.021875,0.6837151675403673
0.75,4.0734375,0.6803728373901768
0.75,4.125,0.6679653684854681
0.75,4.1765625,0.5641228960568158
0.75,4.228125,0.5462929961603131
1.0,0.0,5.332339112813603
1.0,0.0515625,6.876450445419201
1.0,0.103125,7.676643446738963
1.0,0.1546875,8.185152995218862
1.0,0.20625,8.378190490068086
1.0,0.2578125,8.62677596606378
1.0,0.309375,8.815084561466385
1.0,0.3609375,8.788926754941732
1.0,0.4125,8.922134523495222
1.0,0.4640625,8.969505165379143
1.0,0.515625,9.012871866905677
1.0,0.5671875,10.223744162060386
1.0,0.61875,10.49341807589174
1.0,0.6703125,10.502974853606482
1.0,0.721875,10.506704730826533
1.0,0.7734375,10.509331381537176
1.0,0.825,11.201033644112279
1.0,0.8765625,11.846440185107902
1.0,0.928125,11.986607128338033
1.0,0.9796875,12.059502535037119
1.0,1.03125,12.069350094467593
1.0,1.0828125,6.954330999096717
1.0,1.134375,6.346250698260048
1.0,1.1859375,6.235252223479911
1.0,1.2375,6.201908572617042
1.0,1.2890625,6.20333753412509
1.0,1.340625,6.173711514934911
1.0,1.3921875,6.0495323446597755
1.0,1.44375,4.954287024855994
1.0,1.4953125,4.416880367681993
1.0,1.546875,3.9757106368998802
1.0,1.5984375,-4.153191289829962
1.0,1.65,-4.316159113357234
1.0,1.7015625,-4.305566492402051
1.0,1.753125,-4.294077053590059
1.0,1.8046875,-4.28472507474175
1.0,1.85625,-4.042760839839621
1.0,1.9078125,-3.995365505612532
1.0,1.959375,-3.9852110792110156
1.0,2.0109375,-3.978153635526268
1.0,2.0625,-3.707338885977167
1.0,2.1140625,-2.8837462906564895
1.0,2.165625,-2.681437723707631
1.0,2.2171875,-2.6041026573393133
1.0,2.26875,-2.550524451517984
1.0,2.3203125,-2.45387001996277
1.0,2.371875,-2.254477152821482
1.0,2.4234375,-2.336847206005968
1.0,2.475,-2.458172872632188
1.0,2.5265625,-2.5408321666689524
1.0,2.578125,-2.6396738208747124
1.0,2.6296875,-2.7315948888336417
1.0,2.68125,-2.719733508749394
1.0,2.7328125,-2.7138469456522025
1.0,2.784375,-2.7106418733631408
1.0,2.8359375,-2.566226756193882
1.0,2.8875,-2.535701920540856
1.0,2.9390625,-2.493546451925677
1.0,2.990625,-2.474955416662178
1.0,3.0421875,-2.460414431981391
1.0,3.09375,-2.339164429278739
1.0,3.1453125,-2.0764827322102857
1.0,3.196875,-2.0178313404471986
1.0,3.2484375,-1.996581095579729
1.0,3.3,-1.9859377054002525
1.0,3.3515625,-1.9367218180887682
1.0,3.403125,-1.9067697380614468
1.0,3.4546875,-1.884647604473686
1.0,3.50625,-1.8642136095866966
1.0,3.5578125,-1.856971149227785
1.0,3.609375,-1.8206865161564258
1.0,3.6609375,-1.7906757083037372
1.0,3.7125,-1.769244396915361
1.0,3.7640625,-1.7654086607842612
1.0,3.815625,-1.7617796177245744
1.0,3.8671875,-1.7377662760605173
1.0,3.91875,-1.7209707442015385
1.0,3.9703125,-1.71164415109351
1.0,4.021875,-1.7103262914710742
1.0,4.0734375,-1.7120789860696286
1.0,4.125,-1.7329616506148136
1.0,4.1765625,-3.884838843484596
1.0,4.228125,-4.226335841696709
1.25,0.0,6.226513662873799
1.25,0.0515625,7.712497303224721
1.25,0.103125,8.433920016926248
1.25,0.1546875,8.819676221477966
1.25,0.20625,9.03142788728368
1.25,0.2578125,9.026371036076204
1.25,0.309375,9.102970902070608
1.25,0.3609375,9.20829519659521
1.25,0.4125,9.277008484631203
1.25,0.4640625,9.299527930779728
1.25,0.515625,9.34212114816481
1.25,0.5671875,13.570077773146457
1.25,0.61875,13.79265192141213
1.25,0.6703125,13.65173172910514
1.25,0.721875,13.546141639845583
1.25,0.7734375,13.474247822382155
1.25,0.825,16.383138958224748
1.25,0.8765625,17.11178681117697
1.25,0.928125,17.50286204687354
1.25,0.9796875,17.45403931549832
1.25,1.03125,17.387344218220885
1.25,1.0828125,19.169350490927926
1.25,1.134375,19.68478330325243
1.25,1.1859375,19.813881896358613
1.25,1.2375,19.83649535872371
1.25,1.2890625,19.895721589296855
1.25,1.340625,18.97778335478844
1.25,1.3921875,18.671311993075655
1.25,1.44375,18.137090210928957
1.25,1.4953125,17.470610730245173
1.25,1.546875,16.627953972466575
1.25,1.5984375,0.6572238307108759
1.25,1.65,0.42832557309924857
1.25,1.7015625,1.391379834476045
1.25,1.753125,1.8062713611816552
1.25,1.8046875,1.9981182132683748
1.25,1.85625,2.3375980472589126
1.25,1.9078125,2.6001290158437733
1.25,1.959375,2.8640883278948337
1.25,2.0109375,3.0734054187038935
1.25,2.0625,3.314139035023143
1.25,2.1140625,4.1826550472050545
1.25,2.165625,4.446124208996521
1.25,2.2171875,4.618391202274815
1.25,2.26875,4.706665429189535
1.25,2.3203125,4.831797375436519
1.25,2.371875,5.029313569290347
1.25,2.4234375,4.970020161602719
1.25,2.475,1.3019670488040762
1.25,2.5265625,1.001883091945476
1.25,2.578125,0.8105605576280788
1.25,2.6296875,0.6275595688877409
1.25,2.68125,0.6607374457270829
1.25,2.7328125,0.6805410671358364
1.25,2.784375,0.6900897586659629
1.25,2.8359375,0.8883953346941286
1.25,2.8875,1.1716749843993108
1.25,2.9390625,1.3022786840892653
1.25,2.990625,1.3415152785585758
1.25,3.0421875,1.3756963890478138
1.25,3.09375,1.4444121573251476
1.25,3.1453125,1.5232483925321345
1.25,3.196875,1.5566077704712233
1.25,3.2484375,1.5700506123510571
1.25,3.3,1.5797212455210008
1.25,3.3515625,1.634153450522967
1.25,3.403125,1.6571543282268983
1.25,3.4546875,1.6800505309112062
1.25,3.50625,1.6893909488895984
1.25,3.5578125,1.695378127660683
1.25,3.609375,2.793717450170451
1.25,3.6609375,2.991893573801356
1.25,3.7125,3.0434613594906876
1.25,3.7640625,3.062822410421684
1.25,3.815625,3.0746671913246355
1.25,3.8671875,3.0747507276193566
1.25,3.91875,2.9359086664532135
1.25,3.9703125,2.8431016239186286
1.25,4.021875,2.4736412229417897
1.25,4.0734375,1.1492302672529289
1.25,4.125,-4.095853781405911
1.25,4.1765625,-7.705963314851088
1.25,4.228125,-8.47440402975397
1.5,0.0,3.8999248841969676
1.5,0.0515625,6.051494715750172
1.5,0.103125,7.114156550045578
1.5,0.1546875,7.945263389122768
1.5,0.20625,8.315123416854325
1.5,0.2578125,8.416861729603383
1.5,0.309375,8.512668615304529
1.5,0.3609375,8.761589350110514
1.5,0.4125,8.961676282831322
1.5,0.4640625,9.073213166071403
1.5,0.515625,9.068836882688126
1.5,0.5671875,16.55345343071136
1.5,0.61875,16.213884468691823
1.5,0.6703125,16.02057803584709
1.5,0.721875,15.970929961292043
1.5,0.7734375,15.918880688074932
1.5,0.825,16.26836751684775
1.5,0.8765625,15.904663721850449
1.5,0.928125,15.777593821038739
1.5,0.9796875,15.705646668921649
1.5,1.03125,15.655187676333707
1.5,1.0828125,12.537975426541305
1.5,1.134375,12.15860274880879
1.5,1.1859375,12.299162593995343
1.5,1.2375,12.276883388369647
1.5,1.2890625,12.406360504867905
1.5,1.340625,11.975525366155193
1.5,1.3921875,11.430439576067107
1.5,1.44375,4.88014797437909
1.5,1.4953125,2.31911260616875
1.5,1.546875,0.41637650108940205
1.5,1.5984375,-4.166310541577537
1.5,1.65,-4.309217676010794
1.5,1.7015625,-4.093910673785483
1.5,1.753125,-3.929553607471743
1.5,1.8046875,-3.8479691661558273
1.5,1.85625,-3.605305857126239
1.5,1.9078125,-3.4973884820198857
1.5,1.959375,-3.4145404535578883
1.5,2.0109375,-3.312790386079843
1.5,2.0625,-3.129024702263117
1.5,2.1140625,-2.7658219562378656
1.5,2.165625,-2.633688144842994
1.5,2.2171875,-2.565337070197779
1.5,2.26875,-2.5190871887227955
1.5,2.3203125,-2.4388034498557465
1.5,2.371875,-2.3547471044386876
1.5,2.4234375,-2.306391849547533
1.5,2.475,-2.421329149130428
1.5,2.5265625,-2.4861728964579415
1.5,2.578125,-2.6447556499655596
1.5,2.6296875,-2.690127683443391
1.5,2.68125,-2.6870114592044683
1.5,2.7328125,-2.6808476845769675
1.5,2.784375,-2.6761964843450627
1.5,2.8359375,-2.516462732575757
1.5,2.8875,-2.3675512927113296
1.5,2.9390625,-2.312153604903334
1.5,2.990625,-2.292222988206692
1.5,3.0421875,-2.277466572824414
1.5,3.09375,-2.0863652755867905
1.5,3.1453125,-1.7425715910635495
1.5,3.196875,-1.6203834480745938
1.5,3.2484375,-1.5665351588848317
1.5,3.3,-1.551495429719919
1.5,3.3515625,-1.3974778593696233
1.5,3.403125,-1.260031595284155
1.5,3.4546875,-1.1955002664052663
1.5,3.50625,-1.1695884888987618
1.5,3.5578125,-1.1503134112320372
1.5,3.609375,-0.5457345819240674
1.5,3.6609375,-0.8080909007612027
1.5,3.7125,-1.1939657873186391
1.5,3.7640625,-1.3397291229820092
1.5,3.815625,-1.4793178741259512
1.5,3.8671875,-1.6981597101881962
1.5,3.91875,-1.870723231233025
1.5,3.9703125,-2.259191212337842
1.5,4.021875,-2.898427455000541
1.5,4.0734375,-3.3490442686805717
1.5,4.125,-3.8279921945903803
1.5,4.1765625,-4.885348151084291
1.5,4.228125,-5.156367212033201
1.75,0.0,5.00343063814324
1.75,0.0515625,6.82946901657793
1.75,0.103125,7.77210739509459
1.75,0.1546875,8.406607872594433
1.75,0.20625,8.700836660506738
1.75,0.2578125,8.889973188993922
1.75,0.309375,8.985605784636515
1.75,0.3609375,9.012096834546448
1.75,0.4125,9.14776670744756
1.75,0.4640625,9.266023287399587
1.75,0.515625,9.184137887121729
1.75,0.5671875,12.77524472491135
1.75,0.61875,13.081223757465734
1.75,0.6703125,13.036621896352376
1.75,0.721875,13.003390102248837
1.75,0.7734375,12.988446832455923
1.75,0.825,13.02278166006282
1.75,0.8765625,13.028780530643772
1.75,0.928125,13.00014846176769
1.75,0.9796875,12.981759847797417
1.75,1.03125,12.9570265428337
1.75,1.0828125,7.338504166005338
1.75,1.134375,6.897288669912278
1.75,1.1859375,6.655740657328005
1.75,1.2375,6.501811718432378
1.75,1.2890625,6.209607636593084
1.75,1.340625,4.6089988330565115
1.75,1.3921875,3.6741188582514788
1.75,1.44375,-1.0713654607912693
1.75,1.4953125,-2.180877404283119
1.75,1.546875,-4.175236004843589
1.75,1.5984375,-5.941142826311651
1.75,1.65,-5.934878131895508
1.75,1.7015625,-5.9242992643903944
1.75,1.753125,-5.918501553517869
1.75,1.8046875,-5.8688091800148525
1.75,1.85625,-5.726121247103859
1.75,1.9078125,-5.75403866918491
1.75,1.959375,-5.7651615900414885
1.75,2.0109375,-5.759544007238575
1.75,2.0625,-5.6888240239903
1.75,2.1140625,-5.609394108451101
1.75,2.165625,-5.58984055512112
1.75,2.2171875,-5.585437471903102
1.75,2.26875,-5.582599648881635
1.75,2.3203125,-5.538943280243881
1.75,2.371875,-5.526945501986006
1.75,2.4234375,-5.521932484676001
1.75,2.475,-5.523141059628136
1.75,2.5265625,-5.522850961292498
1.75,2.578125,-5.514200210942889
1.75,2.6296875,-5.507266134643357
1.75,2.68125,-5.505946435336794
1.75,2.7328125,-5.504735428588723
1.75,2.784375,-5.504085008438024
1.75,2.8359375,-5.467952636891635
1.75,2.8875,-5.453292340770642
1.75,2.9390625,-5.451922579939874
1.75,2.990625,-5.450930322746515
1.75,3.0421875,-5.447591647689846
1.75,3.09375,-5.025819784434757
1.75,3.1453125,-4.218693001876815
1.75,3.196875,-3.830821602497908
1.75,3.2484375,-3.7192711799252463
1.75,3.3,-3.6779189909011722
1.75,3.3515625,-3.4664474771084297
1.75,3.403125,-3.120663135256749
1.75,3.4546875,-2.9893051830591943
1.75,3.50625,-2.941205396897821
1.75,3.5578125,-2.88668464177602
1.75,3.609375,-2.764312494692657
1.75,3.6609375,-2.6989683873331503
1.75,3.7125,-2.6732793714124314
1.75,3.7640625,-2.6574492959699803
1.75,3.815625,-2.6499719701917557
1.75,3.8671875,-2.611566836170673
1.75,3.91875,-2.5710195863595695
1.75,3.9703125,-2.556665129060451
1.75,4.021875,-2.5729292113444946
1.75,4.0734375,-2.620362847937327
1.75,4.125,-2.914935184364846
1.75,4.1765625,-3.2520051291314553
1.75,4.228125,-3.2799709221524798
2.0,0.0,3.5473014535852485
2.0,0.0515625,5.325035303115886
2.0,0.103125,6.554969166683819
2.0,0.1546875,7.213829820758958
2.0,0.20625,7.701951236286484
2.0,0.2578125,7.973648465117126
2.0,0.309375,8.257410019883306
2.0,0.3609375,8.375359100170279
2.0,0.4125,8.584913274272878
2.0,0.4640625,8.735838659054645
2.0,0.515625,8.71885605987467
2.0,0.5671875,13.45223581985701
2.0,0.61875,13.292803248591989
2.0,0.6703125,13.250815568768843
2.0,0.721875,13.24337439748669
2.0,0.7734375,13.23621288328454
2.0,0.825,13.41030546597036
2.0,0.8765625,13.246967922521932
2.0,0.928125,13.192026580796947
2.0,0.9796875,13.169034770730567
2.0,1.03125,13.14870403316024
2.0,1.0828125,9.927092959289494
2.0,1.134375,8.743076100748562
2.0,1.1859375,8.635592040804593
2.0,1.2375,8.602886977133476
2.0,1.2890625,3.9517248088280077
2.0,1.340625,3.086333027268251
2.0,1.3921875,2.9128279315656433
2.0,1.44375,2.7370586416623888
2.0,1.4953125,2.665130897171419
2.0,1.546875,-0.2711301837067812
2.0,1.5984375,-3.4792831656761343
2.0,1.65,-3.287101328155238
2.0,1.7015625,-3.1358856218141087
2.0,1.753125,-3.133366540504125
2.0,1.8046875,-2.9700261812442967
2.0,1.85625,-2.176862228655841
2.0,1.9078125,-1.901132114409911
2.0,1.959375,-1.880049333604827
2.0,2.0109375,-1.8792299052322037
2.0,2.0625,-1.4138111471807466
2.0,2.1140625,-0.5691741375674589
2.0,2.165625,-0.3077251082311218
2.0,2.2171875,-0.26871365036427974
2.0,2.26875,-0.24031627458912125
2.0,2.3203125,0.26266327025301367
2.0,2.371875,0.5273515573719724
2.0,2.4234375,0.5284624775592414
2.0,2.475,0.2297423729429915
2.0,2.5265625,0.1367185039211462
2.0,2.578125,-0.06085819740472544
2.0,2.6296875,-0.6247478666894697
2.0,2.68125,-0.6076114409340991
2.0,2.7328125,-0.6080505382591406
2.0,2.784375,-0.6068961045732996
2.0,2.8359375,-0.475938391300246
2.0,2.8875,-0.40427884813995474
2.0,2.9390625,-0.37780083339042086
2.0,2.990625,-0.3372824855189311
2.0,3.0421875,-0.31863720668320683
2.0,3.09375,0.1606031757063489
2.0,3.1453125,0.3807148172261453
2.0,3.196875,0.4586246433970351
2.0,3.2484375,0.47184089743646396
2.0,3.3,0.48141265634185704
2.0,3.3515625,0.7296130919908449
2.0,3.403125,0.7927640743000862
2.0,3.4546875,0.8170655400856455
2.0,3.50625,0.8238540750898261
2.0,3.5578125,0.8229592921719306
2.0,3.609375,0.944139302695252
2.0,3.6609375,0.9762577699104614
2.0,3.7125,0.9868091223154662
2.0,3.7640625,0.9934443993699849
2.0,3.815625,0.9962312516938605
2.0,3.8671875,1.1436872258138198
2.0,3.91875,1.1598906409193424
2.0,3.9703125,1.1649541119270364
2.0,4.021875,1.1656070244754917
2.0,4.0734375,1.1542416772222899
2.0,4.125,0.8377866326052021
2.0,4.1765625,0.3107841287584919
2.0,4.228125,0.20634871668779087
2.25,0.0,6.409664009394682
2.25,0.0515625,7.884368548827752
2.25,0.103125,8.703756089353165
2.25,0.1546875,8.988859969598913
2.25,0.20625,9.329245332303023
2.25,0.2578125,9.348727331766796
2.25,0.309375,9.585721873467001
2.25,0.3609375,9.50559384571728
2.25,0.4125,9.50985121252663
2.25,0.4640625,9.574128552964549
2.25,0.515625,9.557524138611551
2.25,0.5671875,10.981022831129891
2.25,0.61875,11.39777525578074
2.25,0.6703125,11.38089411986861
2.25,0.721875,11.293521485236472
2.25,0.7734375,11.283401392170656
2.25,0.825,12.421825176002768
2.25,0.8765625,14.158423311532918
2.25,0.928125,14.117862820083154
2.25,0.9796875,14.163315841887789
2.25,1.03125,14.152780191321195
2.25,1.0828125,14.0228194551485
2.25,1.134375,14.089979980866786
2.25,1.1859375,13.872271414607262
2.25,1.2375,13.902963345260854
2.25,1.2890625,14.324660419546241
2.25,1.340625,14.333915500030265
2.25,1.3921875,14.156582009700918
2.25,1.44375,14.133527003273398
2.25,1.4953125,14.133015907145312
2.25,1.546875,14.126042957828005
2.25,1.5984375,7.69937616590079
2.25,1.65,7.557113424779907
2.25,1.7015625,7.652568565966242
2.25,1.753125,7.6597523634817755
2.25,1.8046875,7.671701349729835
2.25,1.85625,8.030677402881874
2.25,1.9078125,8.361593881872448
2.25,1.959375,8.384820179427448
2.25,2.0109375,8.38731392539352
2.25,2.0625,8.719706639856446
2.25,2.1140625,9.313861548553904
2.25,2.165625,9.406850989322175
2.25,2.2171875,9.40090692275962
2.25,2.26875,9.417976879128164
2.25,2.3203125,9.46833797055959
2.25,2.371875,9.348620096842513
2.25,2.4234375,7.700444840633964
2.25,2.475,7.043333706084266
2.25,2.5265625,6.911409339916181
2.25,2.578125,6.390136963801744
2.25,2.6296875,5.935673851944371
2.25,2.68125,5.937310045353877
2.25,2.7328125,5.943745311868164
2.25,2.784375,5.946580876979857
2.25,2.8359375,5.9893478865321
2.25,2.8875,6.033894549754839
2.25,2.9390625,6.059201950429538
2.25,2.990625,6.070713306078294
2.25,3.0421875,6.081255574877429
2.25,3.09375,6.286566902199603
2.25,3.1453125,6.355117796145949
2.25,3.196875,6.39031501513535
2.25,3.2484375,6.405275969918446
2.25,3.3,6.409030343115721
2.25,3.3515625,6.477333029266212
2.25,3.403125,6.506408251780748
2.25,3.4546875,6.517914729773574
2.25,3.50625,6.519235410668123
2.25,3.5578125,6.519339324686615
2.25,3.609375,6.55199542177183
2.25,3.6609375,6.579624550439803
2.25,3.7125,6.5878620348029395
2.25,3.7640625,6.590267186676897
2.25,3.815625,6.591134387689123
2.25,3.8671875,6.612277060048775
2.25,3.91875,6.6251968598745545
2.25,3.9703125,6.634859161335762
2.25,4.021875,6.636540433527056
2.25,4.0734375,6.63011679771911
2.25,4.125,6.601703868235294
2.25,4.1765625,1.0696103504354737
2.25,4.228125,0.7338424932489074
2.5,0.0,8.51475465847891
2.5,0.0515625,9.499493920992716
2.5,0.103125,9.851506904863134
2.5,0.1546875,10.053714361140464
2.5,0.20625,9.940713646512968
2.5,0.2578125,10.023243256370868
2.5,0.309375,10.050965585967809
2.5,0.3609375,9.948228926435055
2.5,0.4125,9.948085617748777
2.5,0.4640625,10.015653608257013
2.5,0.515625,10.079797396444306
2.5,0.5671875,11.847088531172767
2.5,0.61875,12.016667330135531
2.5,0.6703125,11.915035129560476
2.5,0.721875,11.764961543350651
2.5,0.7734375,11.689988898364723
2.5,0.825,13.261312956413773
2.5,0.8765625,14.272469241136914
2.5,0.928125,14.646738920037059
2.5,0.9796875,14.759625239050123
2.5,1.03125,14.713810954248832
2.5,1.0828125,15.721311918951509
2.5,1.134375,15.773982350529636
2.5,1.1859375,15.783065609667073
2.5,1.2375,15.788484639373015
2.5,1.2890625,15.99304873492935
2.5,1.340625,13.56508284528039
2.5,1.3921875,13.530196886719636
2.5,1.44375,13.521654219456536
2.5,1.4953125,13.532115611140448
2.5,1.546875,13.547594898107107
2.5,1.5984375,14.149457155462697
2.5,1.65,14.247473262509436
2.5,1.7015625,14.44623973890749
2.5,1.753125,14.575727365307966
2.5,1.8046875,14.634764839455263
2.5,1.85625,15.06109053962378
2.5,1.9078125,15.346230424651734
2.5,1.959375,15.765551077618214
2.5,2.0109375,15.825741952606673
2.5,2.0625,15.960694490032632
2.5,2.1140625,16.160701783484008
2.5,2.165625,16.16188615666781
2.5,2.2171875,16.170784413897902
2.5,2.26875,16.192872589566537
2.5,2.3203125,16.270634512100898
2.5,2.371875,16.355693817391
2.5,2.4234375,15.570470655491661
2.5,2.475,15.55864277035618
2.5,2.5265625,15.572614286429063
2.5,2.578125,15.597716762397969
2.5,2.6296875,15.65657571054017
2.5,2.68125,15.670163532484413
2.5,2.7328125,15.682552504267587
2.5,2.784375,15.690070120855795
2.5,2.8359375,15.936908766796838
2.5,2.8875,15.993736564393844
2.5,2.9390625,16.023989002035645
2.5,2.990625,16.03453731942283
2.5,3.0421875,16.044176048249877
2.5,3.09375,16.235070789523096
2.5,3.1453125,16.28392490051177
2.5,3.196875,16.303049774241682
2.5,3.2484375,16.307500224374706
2.5,3.3,16.309557067513264
2.5,3.3515625,16.46989556516089
2.5,3.403125,16.53469151350096
2.5,3.4546875,16.53888428755591
2.5,3.50625,16.541023776362334
2.5,3.5578125,16.539347999215956
2.5,3.609375,17.556511057385144
2.5,3.6609375,17.686659121234317
2.5,3.7125,17.509352721806973
2.5,3.7640625,17.46752508113827
2.5,3.815625,17.447056247427625
2.5,3.8671875,16.281823581545034
2.5,3.91875,15.660825767981956
2.5,3.9703125,15.27603184641853
2.5,4.021875,15.146481735401537
2.5,4.0734375,8.904614248985249
2.5,4.125,2.8927428072392725
2.5,4.1765625,0.3994366843730245
2.5,4.228125,-0.025407154470398284
2.75,0.0,10.586779217410601
2.75,0.0515625,10.553139150854546
2.75,0.103125,10.399843101791346
2.75,0.1546875,10.442087261033759
2.75,0.20625,9.899376207077204
2.75,0.2578125,10.011956200269447
2.75,0.309375,9.72620601142552
2.75,0.3609375,9.718134367001793
2.75,0.4125,9.767198628392265
2.75,0.4640625,9.88438904739904
2.75,0.515625,9.899156477392507
2.75,0.5671875,12.901526431635226
2.75,0.61875,15.260657731382697
2.75,0.6703125,15.045932741137376
2.75,0.721875,14.90014028031194
2.75,0.7734375,14.777876316207255
2.75,0.825,17.027594435100976
2.75,0.8765625,17.63701503678381
2.75,0.928125,17.49903986610539
2.75,0.9796875,17.300374281480707
2.75,1.03125,17.162571237246873
2.75,1.0828125,19.170062581073676
2.75,1.134375,19.05813607715808
2.75,1.1859375,19.037194203807445
2.75,1.2375,19.022142920564328
2.75,1.2890625,19.333109687686896
2.75,1.340625,19.44232225654481
2.75,1.3921875,19.30532098865595
2.75,1.44375,19.278826727153014
2.75,1.4953125,19.270347397402332
2.75,1.546875,19.54224518976736
2.75,1.5984375,19.70530224594096
2.75,1.65,19.707779326655746
2.75,1.7015625,19.599533934787132
2.75,1.753125,19.392526275346807
2.75,1.8046875,19.426366637526932
2.75,1.85625,19.360365806925195
2.75,1.9078125,19.414007437529712
2.75,1.959375,19.25141956749321
2.75,2.0109375,18.913800217757945
2.75,2.0625,16.183878109651403
2.75,2.1140625,15.178440227685435
2.75,2.165625,14.56621513701988
2.75,2.2171875,14.291239960537748
2.75,2.26875,14.0580701865604
2.75,2.3203125,13.426973731284308
2.75,2.371875,12.554216351223042
2.75,2.4234375,11.604184319858255
2.75,2.475,11.61155357785959
2.75,2.5265625,11.627899390054058
2.75,2.578125,11.676836306521508
2.75,2.6296875,11.740318523392428
2.75,2.68125,11.768767575217185
2.75,2.7328125,11.774526724243703
2.75,2.784375,11.780826168771144
2.75,2.8359375,11.92707178403078
2.75,2.8875,11.982234483974716
2.75,2.9390625,11.987581355606604
2.75,2.990625,11.993083956978376
2.75,3.0421875,12.002492278022686
2.75,3.09375,12.342657277437816
2.75,3.1453125,12.65540028715467
2.75,3.196875,12.699898430552324
2.75,3.2484375,12.702580380972066
2.75,3.3,12.703068492363617
2.75,3.3515625,13.151601685204394
2.75,3.403125,13.253466968078488
2.75,3.4546875,13.254717246177227
2.75,3.50625,13.255867286587566
2.75,3.5578125,13.251658558452768
2.75,3.609375,14.437538323136001
2.75,3.6609375,14.434590074713643
2.75,3.7125,13.893739226187831
2.75,3.7640625,13.170190517328582
2.75,3.815625,12.601502755752247
2.75,3.8671875,9.916676198069302
2.75,3.91875,9.128441808152473
2.75,3.9703125,8.344438749512095
2.75,4.021875,6.64922826729461
2.75,4.0734375,-2.309828714569505
2.75,4.125,-6.192867495203376
2.75,4.1765625,-7.730894351473862
2.75,4.228125,-8.217436577641505
3.0,0.0,9.239541754465316
3.0,0.0515625,9.966060581339843
3.0,0.103125,9.615807298140302
3.0,0.1546875,9.612795987614058
3.0,0.20625,9.379521811936792
3.0,0.2578125,9.642500289705922
3.0,0.309375,9.636840260999124
3.0,0.3609375,9.667138485131284
3.0,0.4125,9.705042430755505
3.0,0.4640625,9.789035816215922
3.0,0.515625,9.773330541153316
3.0,0.5671875,13.34670485279158
3.0,0.61875,14.845886595415019
3.0,0.6703125,14.732215462610874
3.0,0.721875,14.624337426758188
3.0,0.7734375,14.540397781757054
3.0,0.825,15.708245527129684
3.0,0.8765625,15.955131285504047
3.0,0.928125,15.863371013968022
3.0,0.9796875,15.815017238545073
3.0,1.03125,15.768126698860605
3.0,1.0828125,16.175866013905637
3.0,1.134375,15.72093435796707
3.0,1.1859375,15.673412776116004
3.0,1.2375,15.669009566330285
3.0,1.2890625,15.39350388997821
3.0,1.340625,14.097818312096344
3.0,1.3921875,13.803624127868677
3.0,1.44375,13.756495874041248
3.0,1.4953125,13.758089220373
3.0,1.546875,13.65916255114116
3.0,1.5984375,12.74528192912517
3.0,1.65,12.679031226649434
3.0,1.7015625,12.671342603182493
3.0,1.753125,12.66972329398494
3.0,1.8046875,12.619862509310487
3.0,1.85625,11.764198413129382
3.0,1.9078125,11.744221035103033
3.0,1.959375,11.740028372542506
3.0,2.0109375,11.724838388998117
3.0,2.0625,4.218920015682917
3.0,2.1140625,2.543819800788823
3.0,2.165625,2.242819095241368
3.0,2.2171875,2.1933796563502033
3.0,2.26875,2.1820281296141113
3.0,2.3203125,-0.8496003756513194
3.0,2.371875,-1.6239870820905327
3.0,2.4234375,-1.684931624955701
3.0,2.475,-1.6686411328552198
3.0,2.5265625,-1.6614579171369157
3.0,2.578125,-1.5804598595814574
3.0,2.6296875,-1.528978664056864
3.0,2.68125,-1.5113120541978662
3.0,2.7328125,-1.5313286282003211
3.0,2.784375,-1.5307044879965606
3.0,2.8359375,-1.0658846363521035
3.0,2.8875,-1.0016001956386158
3.0,2.9390625,-0.9970592659067725
3.0,2.990625,-0.9936211511166901
3.0,3.0421875,-0.9974211588077351
3.0,3.09375,-0.18687921692259415
3.0,3.1453125,-0.00995983417140174
3.0,3.196875,0.0820093939464591
3.0,3.2484375,0.08345428781606043
3.0,3.3,0.08205954072076105
3.0,3.3515625,0.33010842903951904
3.0,3.403125,0.4533195261381901
3.0,3.4546875,0.4646694922370389
3.0,3.50625,0.46455357086052085
3.0,3.5578125,0.46051193726365447
3.0,3.609375,0.8429618662917705
3.0,3.6609375,0.893989552757313
3.0,3.7125,0.9105248706468833
3.0,3.7640625,0.9527519305817145
3.0,3.815625,0.9781361574886748
3.0,3.8671875,1.1464457813304632
3.0,3.91875,1.220006061056835
3.0,3.9703125,1.2432211465255945
3.0,4.021875,1.2733685209133792
3.0,4.0734375,0.9313085130178007
3.0,4.125,-0.21290349223262311
3.0,4.1765625,-4.084180851081912
3.0,4.228125,-4.168245785101316
3.25,0.0,6.10654244830746
3.25,0.0515625,7.959764249581658
3.25,0.103125,8.553656800660889
3.25,0.1546875,8.865155604890653
3.25,0.20625,9.144393669670631
3.25,0.2578125,9.044963373808885
3.25,0.309375,9.13785930044281
3.25,0.3609375,9.423460782896584
3.25,0.4125,9.440619784306902
3.25,0.4640625,9.431893551257367
3.25,0.515625,9.417887076499078
3.25,0.5671875,10.18053361207021
3.25,0.61875,11.774122427078852
3.25,0.6703125,11.61353290630398
3.25,0.721875,11.519958908314177
3.25,0.7734375,11.406736362908463
3.25,0.825,12.759355800323489
3.25,0.8765625,13.117532815254494
3.25,0.928125,13.003686825718539
3.25,0.9796875,12.940003345262705
3.25,1.03125,12.861523122756374
3.25,1.0828125,14.872866420989867
3.25,1.134375,14.224776125801364
3.25,1.1859375,14.271447648228989
3.25,1.2375,14.257703089839094
3.25,1.2890625,14.358406061007553
3.25,1.340625,14.584397082659898
3.25,1.3921875,14.75130259796539
3.25,1.44375,14.659597004015026
3.25,1.4953125,14.66084391609475
3.25,1.546875,14.669117883166738
3.25,1.5984375,13.125581207653887
3.25,1.65,12.993151828213774
3.25,1.7015625,12.978644655154483
3.25,1.753125,12.971463677352567
3.25,1.8046875,12.86900434510802
3.25,1.85625,4.054472364779453
3.25,1.9078125,4.0146189508736
3.25,1.959375,4.014272406729831
3.25,2.0109375,4.013564996061999
3.25,2.0625,1.1018650530767073
3.25,2.1140625,-0.07136140121238298
3.25,2.165625,-0.13683595220206674
3.25,2.2171875,-0.14231306374957048
3.25,2.26875,-0.14566710077586248
3.25,2.3203125,-1.979056064805256
3.25,2.371875,-2.295527058058748
3.25,2.4234375,-2.319097856500021
3.25,2.475,-2.311708931642475
3.25,2.5265625,-2.30856330899056
3.25,2.578125,-2.245533647001445
3.25,2.6296875,-2.227058590651203
3.25,2.68125,-2.2211711099047475
3.25,2.7328125,-2.2206715255342075
3.25,2.784375,-2.2204175230742424
3.25,2.8359375,-1.6290287525241498
3.25,2.8875,-1.596933913138703
3.25,2.9390625,-1.5959268545853056
3.25,2.990625,-1.5919390037240178
3.25,3.0421875,-1.5904198194942543
3.25,3.09375,-1.006322198871638
3.25,3.1453125,-0.8879127446859635
3.25,3.196875,-0.8389468901270833
3.25,3.2484375,-0.8374501801976433
3.25,3.3,-0.8425236509214977
3.25,3.3515625,-0.6435956178311089
3.25,3.403125,-0.5264258609705834
3.25,3.4546875,-0.5066054541671685
3.25,3.50625,-0.5059097092198808
3.25,3.5578125,-0.5052439868940749
3.25,3.609375,-0.42863994220069895
3.25,3.6609375,-0.365215473767064
3.25,3.7125,-0.3609977631799685
3.25,3.7640625,-0.3602975216106669
3.25,3.815625,-0.3599806055825447
3.25,3.8671875,-0.32353725187089366
3.25,3.91875,-0.29695982092107476
3.25,3.9703125,-0.29413628141685433
3.25,4.021875,-0.293667289648014
3.25,4.0734375,-0.29461427694316744
3.25,4.125,-0.35898559214299464
3.25,4.1765625,-4.058536969952757
3.25,4.228125,-4.0686475805112945
3.5,0.0,6.747367708471082
3.5,0.0515625,7.639282257320885
3.5,0.103125,8.415229605464017
3.5,0.1546875,8.65619449662769
3.5,0.20625,8.757322194627589
3.5,0.2578125,8.734541076127005
3.5,0.309375,8.916795852259131
3.5,0.3609375,9.138381881430146
3.5,0.4125,9.179412380875245
3.5,0.4640625,9.246858720534423
3.5,0.515625,9.262508078025126
3.5,0.5671875,9.75356975055426
3.5,0.61875,10.573442364907361
3.5,0.6703125,10.528516092462688
3.5,0.721875,10.469075113277743
3.5,0.7734375,10.485247287968
3.5,0.825,11.646351734010228
3.5,0.8765625,12.082593837072338
3.5,0.928125,11.920813253204262
3.5,0.9796875,11.85757974292745
3.5,1.03125,11.821412365183479
3.5,1.0828125,14.087696603563735
3.5,1.134375,12.952947179239484
3.5,1.1859375,13.007777130699331
3.5,1.2375,13.009452216957065
3.5,1.2890625,13.149831204176682
3.5,1.340625,14.495455458737453
3.5,1.3921875,14.595701859864068
3.5,1.44375,14.490916565592586
3.5,1.4953125,14.481490396181787
3.5,1.546875,14.529183397845085
3.5,1.5984375,14.562268868071875
3.5,1.65,14.501496002693495
3.5,1.7015625,14.482935966529006
3.5,1.753125,14.477143409402851
3.5,1.8046875,14.41784417160257
3.5,1.85625,7.687892566328765
3.5,1.9078125,7.623010116701677
3.5,1.959375,7.621571126921251
3.5,2.0109375,7.6203998208481805
3.5,2.0625,5.631726454514599
3.5,2.1140625,4.729638678575676
3.5,2.165625,4.696401216333269
3.5,2.2171875,4.6908566782587595
3.5,2.26875,4.685547999172541
3.5,2.3203125,2.2364911823975655
3.5,2.371875,1.4168628769412461
3.5,2.4234375,1.376635785086882
3.5,2.475,1.371453409543733
3.5,2.5265625,1.366475304490279
3.5,2.578125,1.1032988596151412
3.5,2.6296875,1.0287319556594414
3.5,2.68125,1.0275271934828647
3.5,2.7328125,1.0273518442548717
3.5,2.784375,1.0273548186898855
3.5,2.8359375,0.965139323177608
3.5,2.8875,0.9777291446346009
3.5,2.9390625,0.9790933286587391
3.5,2.990625,0.9795954741484653
3.5,3.0421875,0.9795914434848308
3.5,3.09375,0.3787861293285182
3.5,3.1453125,0.22294166756216274
3.5,3.196875,0.2609083424048846
3.5,3.2484375,0.26092564043417155
3.5,3.3,0.2585171649124853
3.5,3.3515625,0.4424130106649983
3.5,3.403125,0.5517675037288732
3.5,3.4546875,0.5670458218694806
3.5,3.50625,0.5683655848694081
3.5,3.5578125,0.5689446523292911
3.5,3.609375,0.700981258361933
3.5,3.6609375,0.7457100086347973
3.5,3.7125,0.7520201538111035
3.5,3.7640625,0.752584738897401
3.5,3.815625,0.752658506650104
3.5,3.8671875,0.8134800538470746
3.5,3.91875,0.8282073427141852
3.5,3.9703125,0.8298435423192129
3.5,4.021875,0.8299255651159236
3.5,4.0734375,0.8289627902018326
3.5,4.125,0.6350263318057108
3.5,4.1765625,-3.07127053828306
3.5,4.228125,-3.080840295858481
3.75,0.0,9.735336165676351
3.75,0.0515625,8.89565907324336
3.75,0.103125,8.892333493102933
3.75,0.1546875,9.139585270201978
3.75,0.20625,9.169065674277055
3.75,0.2578125,9.480203766775759
3.75,0.309375,9.292273116594306
3.75,0.3609375,9.296779320227902
3.75,0.4125,9.176994825997888
3.75,0.4640625,9.237914423932615
3.75,0.515625,9.294711494972535
3.75,0.5671875,9.977996700736254
3.75,0.61875,11.260634373495028
3.75,0.6703125,11.177994883596917
3.75,0.721875,11.102803426156768
3.75,0.7734375,11.117466201956553
3.75,0.825,12.333647266604954
3.75,0.8765625,12.967958862083451
3.75,0.928125,12.920787557086111
3.75,0.9796875,12.78729333879136
3.75,1.03125,12.773534571156436
3.75,1.0828125,17.656660150984308
3.75,1.134375,17.915658991615086
3.75,1.1859375,17.86413672311365
3.75,1.2375,17.823768635593712
3.75,1.2890625,18.732804341038975
3.75,1.340625,20.25155986073505
3.75,1.3921875,19.92277715529392
3.75,1.44375,19.877204188137693
3.75,1.4953125,19.84537011634248
3.75,1.546875,20.08503309572422
3.75,1.5984375,20.11404371258484
3.75,1.65,20.070389956461483
3.75,1.7015625,20.10235433689655
3.75,1.753125,20.064069483370524
3.75,1.8046875,20.029607242634512
3.75,1.85625,18.538033715508348
3.75,1.9078125,18.223117991388904
3.75,1.959375,18.146762586350647
3.75,2.0109375,17.853254455784406
3.75,2.0625,12.687103371271327
3.75,2.1140625,9.709780040619917
3.75,2.165625,9.412714360508263
3.75,2.2171875,9.250640361372774
3.75,2.26875,9.208614756124375
3.75,2.3203125,5.890294817036041
3.75,2.371875,0.022215252096379715
3.75,2.4234375,-0.38694152285424366
3.75,2.475,-0.43403617553106133
3.75,2.5265625,-0.4406414643222606
3.75,2.578125,-0.6232412694975555
3.75,2.6296875,-1.2343396266206206
3.75,2.68125,-1.2185422411415807
3.75,2.7328125,-1.217270389503501
3.75,2.784375,-1.216445366050163
3.75,2.8359375,-0.7583228478607837
3.75,2.8875,-0.5483056164487157
3.75,2.9390625,-0.5098317227290661
3.75,2.990625,-0.5065176524339413
3.75,3.0421875,-0.5055404205380344
3.75,3.09375,0.07527232654634936
3.75,3.1453125,0.34691507443026004
3.75,3.196875,0.42739197576758203
3.75,3.2484375,0.43007675009863766
3.75,3.3,0.4203389496763308
3.75,3.3515625,0.5887471208015103
3.75,3.403125,0.7408988919217245
3.75,3.4546875,0.7471901644471612
3.75,3.50625,0.7482358612091822
3.75,3.5578125,0.7493408727219203
3.75,3.609375,4.754416082541056
3.75,3.6609375,4.885984119786458
3.75,3.7125,4.886965432683182
3.75,3.7640625,4.885231766548341
3.75,3.815625,4.85998926589957
3.75,3.8671875,-11.592778478394942
3.75,3.91875,-11.718633868659234
3.75,3.9703125,-11.719792294279124
3.75,4.021875,-11.72020320219509
3.75,4.0734375,-11.721067147206528
3.75,4.125,-12.404913858857212
3.75,4.1765625,-12.568910910231494
3.75,4.228125,-12.572488163263786
4.0,0.0,5.495093518078546
4.0,0.0515625,6.912052122851916
4.0,0.103125,7.384629091617931
4.0,0.1546875,7.988336202728928
4.0,0.20625,8.174305917825897
4.0,0.2578125,8.634057732901542
4.0,0.309375,8.689671379521764
4.0,0.3609375,8.63153113595773
4.0,0.4125,8.666186834461206
4.0,0.4640625,8.746011970845327
4.0,0.515625,8.831891222613367
4.0,0.5671875,9.377374375285944
4.0,0.61875,12.221089926659115
4.0,0.6703125,12.152671848716498
4.0,0.721875,12.142127726571015
4.0,0.7734375,12.175043042914997
4.0,0.825,13.629119229873798
4.0,0.8765625,14.822485861945928
4.0,0.928125,14.765921791507992
4.0,0.9796875,14.667884206225033
4.0,1.03125,14.599293578919927
4.0,1.0828125,20.385227424670237
4.0,1.134375,20.22040919578526
4.0,1.1859375,20.1639145550558
4.0,1.2375,20.163171833305938
4.0,1.2890625,20.92424611421327
4.0,1.340625,20.875253908070054
4.0,1.3921875,20.722797258119314
4.0,1.44375,20.709514261866868
4.0,1.4953125,20.698829018919504
4.0,1.546875,21.259755676268753
4.0,1.5984375,21.35495743675837
4.0,1.65,21.465206703031473
4.0,1.7015625,21.455758362704916
4.0,1.753125,21.444547223562154
4.0,1.8046875,21.39701055612136
4.0,1.85625,21.188585191592576
4.0,1.9078125,20.90412960952178
4.0,1.959375,20.874648468227647
4.0,2.0109375,20.691969890542158
4.0,2.0625,9.396560400461812
4.0,2.1140625,0.9552188721811815
4.0,2.165625,0.5528868289212966
4.0,2.2171875,0.4945540492487681
4.0,2.26875,0.48105437951878965
4.0,2.3203125,-0.25486682738571753
4.0,2.371875,-6.2613748414120485
4.0,2.4234375,-6.516754707099629
4.0,2.475,-6.517167460247163
4.0,2.5265625,-6.516336858241215
4.0,2.578125,-6.505650832946839
4.0,2.6296875,-5.830963749605024
4.0,2.68125,-5.783245239505854
4.0,2.7328125,-5.7792991480737665
4.0,2.784375,-5.7780759009884655
4.0,2.8359375,-5.578404469765195
4.0,2.8875,-5.37868273752946
4.0,2.9390625,-5.321541448481461
4.0,2.990625,-5.318689127096693
4.0,3.0421875,-5.317784960104569
4.0,3.09375,-4.950474706897547
4.0,3.1453125,-4.356110445331499
4.0,3.196875,-4.2727871165108064
4.0,3.2484375,-4.266730918816212
4.0,3.3,-4.29225755372685
4.0,3.3515625,-3.939820868331613
4.0,3.403125,-3.7718883977405566
4.0,3.4546875,-3.7686269906493832
4.0,3.50625,-3.7680145000955925
4.0,3.5578125,-3.7675237985731016
4.0,3.609375,-1.4707602466567002
4.0,3.6609375,-1.400455743747782
4.0,3.7125,-1.385874764387662
4.0,3.7640625,-1.37449620256604
4.0,3.815625,-1.3908141359317452
4.0,3.8671875,-7.850231651427366
4.0,3.91875,-7.881881223243688
4.0,3.9703125,-7.889673034030162
4.0,4.021875,-7.897489742277796
4.0,4.0734375,-7.903059195878743
4.0,4.125,-8.04599934540271
4.0,4.1765625,-8.10636034972502
4.0,4.228125,-8.118544255103217
4.25,0.0,4.93589214578647
4.25,0.0515625,6.420423241685798
4.25,0.103125,7.1321919830351845
4.25,0.1546875,7.7680977512040785
4.25,0.20625,7.872939167927031
4.25,0.2578125,8.30023243055428
4.25,0.309375,8.622291350346083
4.25,0.3609375,8.813495238572326
4.25,0.4125,8.983768479955174
4.25,0.4640625,9.098908549038168
4.25,0.515625,9.137505794692974
4.25,0.5671875,9.498082511475829
4.25,0.61875,10.80312631232028
4.25,0.6703125,10.814749171727865
4.25,0.721875,10.830258605042486
4.25,0.7734375,10.885148016628781
4.25,0.825,11.904846854943454
4.25,0.8765625,12.808907654805303
4.25,0.928125,12.805637201365531
4.25,0.9796875,12.75743537404378
4.25,1.03125,12.71087755835633
4.25,1.0828125,17.57762122698166
4.25,1.134375,17.44865531640248
4.25,1.1859375,17.441693341099246
4.25,1.2375,17.42410711909323
4.25,1.2890625,17.427550578825333
4.25,1.340625,14.316243352261353
4.25,1.3921875,14.274017879160176
4.25,1.44375,14.272493505684999
4.25,1.4953125,14.27047296982363
4.25,1.546875,14.26588784562049
4.25,1.5984375,13.890502840705656
4.25,1.65,13.665648508587825
4.25,1.7015625,13.653045993337775
4.25,1.753125,13.648319512702185
4.25,1.8046875,13.513736257013786
4.25,1.85625,4.746385866393126
4.25,1.9078125,3.842721715183901
4.25,1.959375,3.8314303745523395
4.25,2.0109375,3.8289884415425512
4.25,2.0625,-2.8313416831177864
4.25,2.1140625,-6.762459914761546
4.25,2.165625,-7.490546502465829
4.25,2.2171875,-7.518558420907025
4.25,2.26875,-7.526098846126374
4.25,2.3203125,-8.415755690638473
4.25,2.371875,-10.062300781855972
4.25,2.4234375,-10.481638910497326
4.25,2.475,-10.481563080069813
4.25,2.5265625,-10.480403015518728
4.25,2.578125,-10.466717832743997
4.25,2.6296875,-10.264784683106773
4.25,2.68125,-10.24081113978307
4.25,2.7328125,-10.236798941295932
4.25,2.784375,-10.235245636771902
4.25,2.8359375,-10.067175428626529
4.25,2.8875,-9.82151525982678
4.25,2.9390625,-9.781526718365374
4.25,2.990625,-9.778262440957002
4.25,3.0421875,-9.777371277416862
4.25,3.09375,-9.391328060559037
4.25,3.1453125,-9.03820959904986
4.25,3.196875,-8.986065224878152
4.25,3.2484375,-8.981832904203813
4.25,3.3,-8.99354630362822
4.25,3.3515625,-8.832387830971909
4.25,3.403125,-8.633729710994984
4.25,3.4546875,-8.628605896385666
4.25,3.50625,-8.62715834528067
4.25,3.5578125,-8.626409527055642
4.25,3.609375,-8.53934074362642
4.25,3.6609375,-8.496286803010564
4.25,3.7125,-8.491667389403592
4.25,3.7640625,-8.488992518742405
4.25,3.815625,-8.489156203363567
4.25,3.8671875,-8.485595176742883
4.25,3.91875,-8.47984991689347
4.25,3.9703125,-8.479047825869083
4.25,4.021875,-8.47820843326789
4.25,4.0734375,-8.478049051481445
4.25,4.125,-8.471144802266956
4.25,4.1765625,-8.44934198874838
4.25,4.228125,-8.477790495979056
4.5,0.0,8.685009000035604
4.5,0.0515625,8.52485499471183
4.5,0.103125,8.993695913295882
4.5,0.1546875,9.156165412329788
4.5,0.20625,9.405511318852037
4.5,0.2578125,9.439368824260155
4.5,0.309375,9.560518062953065
4.5,0.3609375,9.672329765195197
4.5,0.4125,9.680033286177364
4.5,0.4640625,9.80001787514956
4.5,0.515625,9.786454502303384
4.5,0.5671875,10.006615785599362
4.5,0.61875,10.635628206956858
4.5,0.6703125,10.546755587377065
4.5,0.721875,10.60549095316896
4.5,0.7734375,10.591349124812272
4.5,0.825,11.070977984524
4.5,0.8765625,11.751900691460515
4.5,0.928125,11.74510734224084
4.5,0.9796875,11.743905647401585
4.5,1.03125,11.767117547665745
4.5,1.0828125,16.413851202555843
4.5,1.134375,16.363326196678443
4.5,1.1859375,16.31768164332495
4.5,1.2375,16.286203781209903
4.5,1.2890625,16.354081078871715
4.5,1.340625,16.449761233585086
4.5,1.3921875,16.274264492745406
4.5,1.44375,16.268381277935305
4.5,1.4953125,16.25510620423778
4.5,1.546875,16.30635333272754
4.5,1.5984375,14.77568189064677
4.5,1.65,14.661944042677886
4.5,1.7015625,14.616184258787596
4.5,1.753125,14.612815164402107
4.5,1.8046875,14.57389637043721
4.5,1.85625,7.393823046981066
4.5,1.9078125,7.208956715647016
4.5,1.959375,7.182974419279739
4.5,2.0109375,7.182162873866198
4.5,2.0625,3.0942427413132605
4.5,2.1140625,-0.400135188482993
4.5,2.165625,-0.8178639244701709
4.5,2.2171875,-0.8216810639203505
4.5,2.26875,-0.8259525558083582
4.5,2.3203125,-1.3997162577203612
4.5,2.371875,-2.9480702273449615
4.5,2.4234375,-3.64393018637508
4.5,2.475,-3.6431088268721967
4.5,2.5265625,-3.64313510950108
4.5,2.578125,-3.6385322019157744
4.5,2.6296875,-3.5915630214071066
4.5,2.68125,-3.573578377817295
4.5,2.7328125,-3.5715766406068408
4.5,2.784375,-3.5707044046491894
4.5,2.8359375,-3.3996735060883747
4.5,2.8875,-3.2162230644086574
4.5,2.9390625,-3.1712467060624534
4.5,2.990625,-3.165817256175299
4.5,3.0421875,-3.1648569843366836
4.5,3.09375,-2.974056723432495
4.5,3.1453125,-2.7017888447748444
4.5,3.196875,-2.649359075561499
4.5,3.2484375,-2.635335746661524
4.5,3.3,-2.6473671490315205
4.5,3.3515625,-2.607614809553235
4.5,3.403125,-2.4597190697806273
4.5,3.4546875,-2.450781713648958
4.5,3.50625,-2.4485035036351595
4.5,3.5578125,-2.4475776279591974
4.5,3.609375,-2.3941923541404235
4.5,3.6609375,-2.346099321624946
4.5,3.7125,-2.3430966568134854
4.5,3.7640625,-2.342556309445695
4.5,3.815625,-2.3424694662011394
4.5,3.8671875,-2.3468688253152994
4.5,3.91875,-2.3402684162394776
4.5,3.9703125,-2.3398611448284483
4.5,4.021875,-2.3397318472372715
4.5,4.0734375,-2.3396611487499093
4.5,4.125,-2.337025987800899
4.5,4.1765625,-2.2206240569746973
4.5,4.228125,-2.206035807167291
4.75,0.0,6.831092289127331
4.75,0.0515625,7.850354723673201
4.75,0.103125,8.478025175887566
4.75,0.1546875,8.70204541155855
4.75,0.20625,8.676366428158559
4.75,0.2578125,8.92778136367486
4.75,0.309375,8.906811891124626
4.75,0.3609375,9.113357935800057
4.75,0.4125,9.064461872172915
4.75,0.4640625,9.233857410958992
4.75,0.515625,9.327502899610998
4.75,0.5671875,9.540274073045524
4.75,0.61875,10.61369201981294
4.75,0.6703125,10.67000929003093
4.75,0.721875,10.795713462637925
4.75,0.7734375,10.751475025724579
4.75,0.825,11.561956026784017
4.75,0.8765625,12.253464633560313
4.75,0.928125,12.254924793349534
4.75,0.9796875,12.317049857650801
4.75,1.03125,12.325428460092674
4.75,1.0828125,16.50105827584148
4.75,1.134375,16.810120897338635
4.75,1.1859375,16.644778422670242
4.75,1.2375,16.629614410573247
4.75,1.2890625,16.709642719537666
4.75,1.340625,16.878639989316707
4.75,1.3921875,16.5071275628994
4.75,1.44375,16.474914772517412
4.75,1.4953125,16.465625505288852
4.75,1.546875,16.45735171649694
4.75,1.5984375,16.029911692242457
4.75,1.65,16.03947612072654
4.75,1.7015625,15.964361695760994
4.75,1.753125,15.921795808203342
4.75,1.8046875,15.818321305761156
4.75,1.85625,7.184362416774016
4.75,1.9078125,6.552249598733989
4.75,1.959375,6.526304322821134
4.75,2.0109375,6.482852338744525
4.75,2.0625,-1.7506136504867453
4.75,2.1140625,-9.721587895522608
4.75,2.165625,-10.089617003733444
4.75,2.2171875,-10.140718843967914
4.75,2.26875,-10.145340514838196
4.75,2.3203125,-10.43133467701601
4.75,2.371875,-13.25183427938051
4.75,2.4234375,-13.365026728951506
4.75,2.475,-13.366289183152322
4.75,2.5265625,-13.364718176735558
4.75,2.578125,-13.35585842362207
4.75,2.6296875,-13.15009600805472
4.75,2.68125,-13.079073673197744
4.75,2.7328125,-13.073061922322118
4.75,2.784375,-13.072131988250392
4.75,2.8359375,-12.839903988922776
4.75,2.8875,-12.435410880315953
4.75,2.9390625,-12.403562163959698
4.75,2.990625,-12.400479651097388
4.75,3.0421875,-12.399626716999935
4.75,3.09375,-12.207673830159564
4.75,3.1453125,-11.658018598467322
4.75,3.196875,-11.568759580423947
4.75,3.2484375,-11.57258459736063
4.75,3.3,-11.574751086256823
4.75,3.3515625,-11.516967538445622
4.75,3.403125,-11.20256070316268
4.75,3.4546875,-11.187884019831124
4.75,3.50625,-11.186801791401724
4.75,3.5578125,-11.186239244357527
4.75,3.609375,-11.06953416377748
4.75,3.6609375,-10.99235754512138
4.75,3.7125,-10.985736165857121
4.75,3.7640625,-10.985269778806293
4.75,3.815625,-10.985216289413508
4.75,3.8671875,-10.99389073489014
4.75,3.91875,-10.97623445170402
4.75,3.9703125,-10.972894101292601
4.75,4.021875,-10.972796154705623
4.75,4.0734375,-10.972748139452035
4.75,4.125,-10.970434998863167
4.75,4.1765625,-10.943860569761387
4.75,4.228125,-10.945912400259854
5.0,0.0,7.053448583795951
5.0,0.0515625,7.6548373805621415
5.0,0.103125,8.428812361007482
5.0,0.1546875,8.620750803977254
5.0,0.20625,8.716584532608628
5.0,0.2578125,8.914937843861887
5.0,0.309375,8.914908961891339
5.0,0.3609375,9.099643506904757
5.0,0.4125,9.12683780932891
5.0,0.4640625,9.262103109580334
5.0,0.515625,9.323330673026792
5.0,0.5671875,9.466011916220529
5.0,0.61875,10.049501313779693
5.0,0.6703125,10.102933671190842
5.0,0.721875,10.185304132987955
5.0,0.7734375,10.272215065380358
5.0,0.825,10.851227355996379
5.0,0.8765625,11.470710874214644
5.0,0.928125,11.460360537677987
5.0,0.9796875,11.542972707061129
5.0,1.03125,11.523414747789767
5.0,1.0828125,19.860260163052256
5.0,1.134375,19.7232132706078
5.0,1.1859375,19.3894935561143
5.0,1.2375,19.37420884447285
5.0,1.2890625,19.39193060112785
5.0,1.340625,18.841904117475114
5.0,1.3921875,17.840290479175515
5.0,1.44375,17.80663563480992
5.0,1.4953125,17.799822093623582
5.0,1.546875,17.817836672847186
5.0,1.5984375,17.752901413213237
5.0,1.65,17.823811609727677
5.0,1.7015625,17.782112798792845
5.0,1.753125,17.44922957778875
5.0,1.8046875,17.325268968407066
5.0,1.85625,16.855050279848047
5.0,1.9078125,16.84221078894711
5.0,1.959375,16.801016257771202
5.0,2.0109375,16.63495036575901
5.0,2.0625,8.707690038273778
5.0,2.1140625,-1.9576179785139356
5.0,2.165625,-3.0795227908960445
5.0,2.2171875,-3.270448663051031
5.0,2.26875,-3.3290751590335392
5.0,2.3203125,-3.4426810656862425
5.0,2.371875,-9.773129547167038
5.0,2.4234375,-10.062923237828139
5.0,2.475,-10.075973254131718
5.0,2.5265625,-10.07490339627622
5.0,2.578125,-10.071479853614601
5.0,2.6296875,-9.825457035538149
5.0,2.68125,-9.766811491982509
5.0,2.7328125,-9.761771202718641
5.0,2.784375,-9.76029984962265
5.0,2.8359375,-9.701288583688495
5.0,2.8875,-9.486306995851718
5.0,2.9390625,-9.45574745026838
5.0,2.990625,-9.453248746210251
5.0,3.0421875,-9.452621156928648
5.0,3.09375,-9.250853163443619
5.0,3.1453125,-8.782548521857906
5.0,3.196875,-8.622273253114312
5.0,3.2484375,-8.62069779123386
5.0,3.3,-8.622135094893512
5.0,3.3515625,-8.497853253669168
5.0,3.403125,-8.12406564082515
5.0,3.4546875,-8.083023173779708
5.0,3.50625,-8.082230697536236
5.0,3.5578125,-8.08172024057345
5.0,3.609375,-7.226486528013468
5.0,3.6609375,-6.753787951890738
5.0,3.7125,-6.651631506937684
5.0,3.7640625,-6.649579338701841
5.0,3.815625,-6.649133371047408
5.0,3.8671875,-6.265589792554531
5.0,3.91875,-5.802535652742124
5.0,3.9703125,-5.763997809248079
5.0,4.021875,-5.762600844137848
5.0,4.0734375,-5.761816754334051
5.0,4.125,-5.739243591663278
5.0,4.1765625,-5.537875396443834
5.0,4.228125,-5.52716735543625
5.25,0.0,5.638595573826663
5.25,0.0515625,6.696341374315664
5.25,0.103125,7.287591103691886
5.25,0.1546875,7.780931634908155
5.25,0.20625,7.847396911751715
5.25,0.2578125,8.03359859980969
5.25,0.309375,7.982704524105894
5.25,0.3609375,8.327579510801995
5.25,0.4125,8.418503918201775
5.25,0.4640625,8.434567016690215
5.25,0.515625,8.530030482928009
5.25,0.5671875,8.925790070091114
5.25,0.61875,9.689653718448625
5.25,0.6703125,9.94823395872666
5.25,0.721875,10.068804016365911
5.25,0.7734375,10.291044441015538
5.25,0.825,10.811876551024307
5.25,0.8765625,11.434670425126896
5.25,0.928125,11.490420545755937
5.25,0.9796875,11.658469498688909
5.25,1.03125,11.738808600302779
5.25,1.0828125,21.213460672737817
5.25,1.134375,22.048281223903878
5.25,1.1859375,21.890121389962438
5.25,1.2375,21.824746072574804
5.25,1.2890625,21.8210470541249
5.25,1.340625,21.315360448207482
5.25,1.3921875,20.709068011982616
5.25,1.44375,20.653154781780763
5.25,1.4953125,20.632385812829913
5.25,1.546875,20.631982964064115
5.25,1.5984375,20.53531218339335
5.25,1.65,20.351226032895315
5.25,1.7015625,20.270369327769124
5.25,1.753125,20.17248585773798
5.25,1.8046875,20.076434618297935
5.25,1.85625,17.80948105230592
5.25,1.9078125,17.753489908404386
5.25,1.959375,17.663314558979085
5.25,2.0109375,17.535351874584222
5.25,2.0625,-1.4558846424172942
5.25,2.1140625,-6.427008461651024
5.25,2.165625,-6.726265594026254
5.25,2.2171875,-6.7774116340346255
5.25,2.26875,-6.793057134044501
5.25,2.3203125,-7.129399223528404
5.25,2.371875,-11.57393693002147
5.25,2.4234375,-11.680801971120836
5.25,2.475,-11.684590303185033
5.25,2.5265625,-11.683231120113513
5.25,2.578125,-11.679858973674227
5.25,2.6296875,-11.258339689328105
5.25,2.68125,-11.154788838260325
5.25,2.7328125,-11.149634879892893
5.25,2.784375,-11.14857923217994
5.25,2.8359375,-11.0268937297976
5.25,2.8875,-10.880722353516896
5.25,2.9390625,-10.842030624027561
5.25,2.990625,-10.839272626778504
5.25,3.0421875,-10.838822120730953
5.25,3.09375,-10.735421519784705
5.25,3.1453125,-10.299139955967396
5.25,3.196875,-10.233024135545893
5.25,3.2484375,-10.2351988954414
5.25,3.3,-10.236553514563628
5.25,3.3515625,-10.179057268879884
5.25,3.403125,-9.906687131268303
5.25,3.4546875,-9.88737902006926
5.25,3.50625,-9.886745418628287
5.25,3.5578125,-9.886063120459891
5.25,3.609375,-9.274302785080309
5.25,3.6609375,-8.88778811949454
5.25,3.7125,-8.821338357742883
5.25,3.7640625,-8.799999792916237
5.25,3.815625,-8.807586819798058
5.25,3.8671875,-9.140984728770498
5.25,3.91875,-9.727007535898526
5.25,3.9703125,-9.770556216066188
5.25,4.021875,-9.806531309754922
5.25,4.0734375,-9.827035995248247
5.25,4.125,-9.842982106274082
5.25,4.1765625,-9.934269153030108
5.25,4.228125,-9.939952144705098
5.5,0.0,7.310261561387133
5.5,0.0515625,7.915456031774851
5.5,0.103125,8.101629770207396
5.5,0.1546875,8.600248722283549
5.5,0.20625,8.800271920739878
5.5,0.2578125,8.988999155178929
5.5,0.309375,9.04380180021211
5.5,0.3609375,9.185758022347489
5.5,0.4125,9.315274865125808
5.5,0.4640625,9.212547260098152
5.5,0.515625,9.20047850514049
5.5,0.5671875,9.589388743596029
5.5,0.61875,10.580523211857919
5.5,0.6703125,10.86506890674806
5.5,0.721875,10.91731746966519
5.5,0.7734375,11.113295595664372
5.5,0.825,11.571959037119896
5.5,0.8765625,12.45130833909542
5.5,0.928125,12.54614320403383
5.5,0.9796875,12.606357222601691
5.5,1.03125,12.62824611407693
5.5,1.0828125,20.208805674298233
5.5,1.134375,20.562294297758985
5.5,1.1859375,20.503765030594113
5.5,1.2375,20.435489042434188
5.5,1.2890625,20.481560670905843
5.5,1.340625,20.809045534524717
5.5,1.3921875,20.742098522231927
5.5,1.44375,20.70706236297187
5.5,1.4953125,20.66993455404246
5.5,1.546875,20.637391994565387
5.5,1.5984375,10.823727690214255
5.5,1.65,10.799576766217054
5.5,1.7015625,10.797652795055972
5.5,1.753125,10.794260792688103
5.5,1.8046875,10.786450602027847
5.5,1.85625,4.343688212398876
5.5,1.9078125,4.310111923181946
5.5,1.959375,4.309076953282938
5.5,2.0109375,4.3058381975584386
5.5,2.0625,-9.73540859908552
5.5,2.1140625,-10.851142909786894
5.5,2.165625,-10.959892856908112
5.5,2.2171875,-10.97948357531704
5.5,2.26875,-10.982067853138169
5.5,2.3203125,-11.434799287940562
5.5,2.371875,-12.016711971948782
5.5,2.4234375,-12.0676856534556
5.5,2.475,-12.069490960265867
5.5,2.5265625,-12.069499198365886
5.5,2.578125,-12.060390381690864
5.5,2.6296875,-11.837859150095936
5.5,2.68125,-11.785491008156995
5.5,2.7328125,-11.78378591413228
5.5,2.784375,-11.782992850690663
5.5,2.8359375,-11.069054095097552
5.5,2.8875,-11.025656861995415
5.5,2.9390625,-11.011946296845005
5.5,2.990625,-11.010663649882883
5.5,3.0421875,-11.01027632531525
5.5,3.09375,-10.67442665915779
5.5,3.1453125,-10.487684091571447
5.5,3.196875,-10.461070678993668
5.5,3.2484375,-10.44778402538923
5.5,3.3,-10.449362623128696
5.5,3.3515625,-10.37689566983498
5.5,3.403125,-10.285022253962183
5.5,3.4546875,-10.282284365308898
5.5,3.50625,-10.281987220092537
5.5,3.5578125,-10.281522197913837
5.5,3.609375,-10.19571042809606
5.5,3.6609375,-10.106811511137026
5.5,3.7125,-10.100394090229967
5.5,3.7640625,-10.071773315880224
5.5,3.815625,-10.0781283491757
5.5,3.8671875,-10.094424323387113
5.5,3.91875,-10.2828090810354
5.5,3.9703125,-10.310336164502496
5.5,4.021875,-10.508654657293352
5.5,4.0734375,-10.548165608408544
5.5,4.125,-10.632991047467108
5.5,4.1765625,-13.548907257963883
5.5,4.228125,-13.553197351774678
5.75,0.0,6.32379567873496
5.75,0.0515625,8.03178338768627
5.75,0.103125,8.601979594538504
5.75,0.1546875,8.979635779828145
5.75,0.20625,9.119310231665466
5.75,0.2578125,9.305505869498408
5.75,0.309375,9.315165434510421
5.75,0.3609375,9.32758228966391
5.75,0.4125,9.487845580582167
5.75,0.4640625,9.44223122170856
5.75,0.515625,9.486918521286087
5.75,0.5671875,9.728733626218412
5.75,0.61875,10.581930210319939
5.75,0.6703125,10.829456461946673
5.75,0.721875,11.15803249327846
5.75,0.7734375,11.257256700308405
5.75,0.825,11.91124111174669
5.75,0.8765625,12.583979540899675
5.75,0.928125,12.731029176840888
5.75,0.9796875,12.858455972477284
5.75,1.03125,12.918243038446791
5.75,1.0828125,20.136643228745537
5.75,1.134375,20.151670062397592
5.75,1.1859375,20.138048637432213
5.75,1.2375,20.120811575611487
5.75,1.2890625,20.141721594588958
5.75,1.340625,18.365945532850766
5.75,1.3921875,18.323800258713522
5.75,1.44375,18.317347564680205
5.75,1.4953125,18.31580137368079
5.75,1.546875,18.318367403124935
5.75,1.5984375,16.556480131370588
5.75,1.65,16.505935454442888
5.75,1.7015625,16.502422361763035
5.75,1.753125,16.491711985453406
5.75,1.8046875,16.475418848604257
5.75,1.85625,14.664435787077839
5.75,1.9078125,14.60836638900994
5.75,1.959375,14.605546313154214
5.75,2.0109375,14.58874097393407
5.75,2.0625,-5.048791757035941
5.75,2.1140625,-7.7840670083703
5.75,2.165625,-8.08871758092707
5.75,2.2171875,-8.14204005899527
5.75,2.26875,-8.148056954223899
5.75,2.3203125,-8.669135639105347
5.75,2.371875,-10.972059886810161
5.75,2.4234375,-11.061806995193331
5.75,2.475,-11.066559950730763
5.75,2.5265625,-11.066648570185942
5.75,2.578125,-11.04752884686725
5.75,2.6296875,-10.730902682688185
5.75,2.68125,-10.689859896068777
5.75,2.7328125,-10.687740326372822
5.75,2.784375,-10.687000650601352
5.75,2.8359375,-10.087387266093488
5.75,2.8875,-10.003488301004422
5.75,2.9390625,-9.984049533571032
5.75,2.990625,-9.982980240605837
5.75,3.0421875,-9.982079960041467
5.75,3.09375,-9.546955890951235
5.75,3.1453125,-9.367903401443243
5.75,3.196875,-9.345412124898084
5.75,3.2484375,-9.361986876030667
5.75,3.3,-9.363777933619412
5.75,3.3515625,-9.287235280469753
5.75,3.403125,-9.164189377270315
5.75,3.4546875,-9.161573766431514
5.75,3.50625,-9.161059956102882
5.75,3.5578125,-9.160629583851644
5.75,3.609375,-9.075000142493229
5.75,3.6609375,-9.007156002637032
5.75,3.7125,-9.00329349225318
5.75,3.7640625,-9.00249209843839
5.75,3.815625,-9.003528367110043
5.75,3.8671875,-9.118381702895173
5.75,3.91875,-9.352900868372485
5.75,3.9703125,-9.359677780834739
5.75,4.021875,-9.366414578699098
5.75,4.0734375,-9.367944397376329
5.75,4.125,-9.380783131437907
5.75,4.1765625,-10.230968862917704
5.75,4.228125,-10.233438403989993
6.0,0.0,6.328541294212958
6.0,0.0515625,7.96591322523628
6.0,0.103125,8.643936756163153
6.0,0.1546875,9.08405585415977
6.0,0.20625,8.985281889296044
6.0,0.2578125,9.095392817854162
6.0,0.309375,9.229729328322732
6.0,0.3609375,9.263613680133835
6.0,0.4125,9.303791517484623
6.0,0.4640625,9.297301602316315
6.0,0.515625,9.408069977744308
6.0,0.5671875,9.649016429680312
6.0,0.61875,10.339992336117703
6.0,0.6703125,10.724743156286882
6.0,0.721875,11.019927202186828
6.0,0.7734375,11.153869694790115
6.0,0.825,11.598935183693172
6.0,0.8765625,12.271917610691878
6.0,0.928125,12.38556323525268
6.0,0.9796875,12.434647756730117
6.0,1.03125,12.543221604332718
6.0,1.0828125,17.936314129343828
6.0,1.134375,17.89375031125159
6.0,1.1859375,17.888867686281294
6.0,1.2375,17.881379526036948
6.0,1.2890625,17.868199475812332
6.0,1.340625,15.38844289188243
6.0,1.3921875,15.331952762201697
6.0,1.44375,15.32758152617806
6.0,1.4953125,15.333574011996067
6.0,1.546875,15.317469197591645
6.0,1.5984375,15.395618978664658
6.0,1.65,15.403583791579187
6.0,1.7015625,15.39973280624669
6.0,1.753125,15.396609107192003
6.0,1.8046875,15.393299405117883
6.0,1.85625,15.418755425280539
6.0,1.9078125,15.371594067141192
6.0,1.959375,15.369222005413622
6.0,2.0109375,15.366043523946818
6.0,2.0625,-2.513904828807976
6.0,2.1140625,-13.34879688740112
6.0,2.165625,-13.519848251289178
6.0,2.2171875,-13.551590987629698
6.0,2.26875,-13.55410381776551
6.0,2.3203125,-13.610269473935064
6.0,2.371875,-16.61709731987426
6.0,2.4234375,-16.651477137794796
6.0,2.475,-16.653288237164375
6.0,2.5265625,-16.653196648709184
6.0,2.578125,-16.65068083169398
6.0,2.6296875,-16.22087183372444
6.0,2.68125,-16.145470071634044
6.0,2.7328125,-16.141829622093343
6.0,2.784375,-16.14104953584295
6.0,2.8359375,-16.032041198045007
6.0,2.8875,-15.953890566926002
6.0,2.9390625,-15.933953192009929
6.0,2.990625,-15.932157669430623
6.0,3.0421875,-15.931621655498105
6.0,3.09375,-15.729316289685151
6.0,3.1453125,-15.431777870688192
6.0,3.196875,-15.417058437991347
6.0,3.2484375,-15.403665842952378
6.0,3.3,-15.406144195719992
6.0,3.3515625,-15.333375655525776
6.0,3.403125,-15.11037674607752
6.0,3.4546875,-15.108409581591589
6.0,3.50625,-15.107855059330625
6.0,3.5578125,-15.107275189333247
6.0,3.609375,-14.959166030593067
6.0,3.6609375,-14.922244676841691
6.0,3.7125,-14.921329631546772
6.0,3.7640625,-14.92086147304943
6.0,3.815625,-14.920885884160649
6.0,3.8671875,-14.934423965980967
6.0,3.91875,-14.951683436139842
6.0,3.9703125,-14.951736338252
6.0,4.021875,-14.951761000915699
6.0,4.0734375,-14.951818973895207
6.0,4.125,-14.951978285777582
6.0,4.1765625,-14.964537944316136
6.0,4.228125,-14.96510547842755
6.25,0.0,4.743617548394065
6.25,0.0515625,6.839731141951817
6.25,0.103125,7.812696506092605
6.25,0.1546875,8.310824949584031
6.25,0.20625,8.425104521265494
6.25,0.2578125,8.602222826830548
6.25,0.309375,8.75931723047839
6.25,0.3609375,8.901630944439749
6.25,0.4125,9.009466966862645
6.25,0.4640625,9.023946624124351
6.25,0.515625,9.09290174027577
6.25,0.5671875,9.353838852537276
6.25,0.61875,10.345006072850179
6.25,0.6703125,10.713905328290835
6.25,0.721875,10.976564727770446
6.25,0.7734375,11.118222284104906
6.25,0.825,11.365415983448766
6.25,0.8765625,11.863583334268466
6.25,0.928125,11.948748612648183
6.25,0.9796875,12.135356463657665
6.25,1.03125,12.233839806442395
6.25,1.0828125,16.46199925693988
6.25,1.134375,16.908806083526112
6.25,1.1859375,16.890512775847064
6.25,1.2375,16.867610947027714
6.25,1.2890625,16.88524591114534
6.25,1.340625,16.06518734939763
6.25,1.3921875,15.624536234442063
6.25,1.44375,15.608925988306222
6.25,1.4953125,15.601082365859343
6.25,1.546875,15.595915699000484
6.25,1.5984375,16.024273150358617
6.25,1.65,15.781955408062274
6.25,1.7015625,15.769623382152883
6.25,1.753125,15.759719376119323
6.25,1.8046875,15.754549354242215
6.25,1.85625,15.738279661294092
6.25,1.9078125,14.697346139506578
6.25,1.959375,14.694270274844751
6.25,2.0109375,14.687886907905696
6.25,2.0625,-3.285001769046814
6.25,2.1140625,-9.538780177785052
6.25,2.165625,-9.62569171894656
6.25,2.2171875,-9.633947831340517
6.25,2.26875,-9.635318216679071
6.25,2.3203125,-9.659998015091128
6.25,2.371875,-10.358930614350868
6.25,2.4234375,-10.39876980960984
6.25,2.475,-10.400807020151
6.25,2.5265625,-10.400422705875771
6.25,2.578125,-10.398228664572347
6.25,2.6296875,-9.987535348662993
6.25,2.68125,-9.950001816993932
6.25,2.7328125,-9.945736818991701
6.25,2.784375,-9.944243380672198
6.25,2.8359375,-9.784363918685798
6.25,2.8875,-9.642412879992952
6.25,2.9390625,-9.63246595855301
6.25,2.990625,-9.630701570967128
6.25,3.0421875,-9.629786581834782
6.25,3.09375,-9.521926897586381
6.25,3.1453125,-9.231297313778224
6.25,3.196875,-9.179081109325352
6.25,3.2484375,-9.18608744415646
6.25,3.3,-9.187935890686248
6.25,3.3515625,-9.146725699375656
6.25,3.403125,-8.884668389740456
6.25,3.4546875,-8.871641122144199
6.25,3.50625,-8.870621927067436
6.25,3.5578125,-8.869394849692801
6.25,3.609375,-6.662230299185269
6.25,3.6609375,-6.610407849998562
6.25,3.7125,-6.607259363402865
6.25,3.7640625,-6.606590203903407
6.25,3.815625,-6.606634523929955
6.25,3.8671875,-6.7878175422124105
6.25,3.91875,-6.807421469599637
6.25,3.9703125,-6.808049918483917
6.25,4.021875,-6.8083551820750206
6.25,4.0734375,-6.808533908536186
6.25,4.125,-6.802045519767892
6.25,4.1765625,-6.821657507179218
6.25,4.228125,-6.847780334123681
6.5,0.0,5.68170799916216
6.5,0.0515625,7.207282379016549
6.5,0.103125,8.293314103483077
6.5,0.1546875,8.629839738892567
6.5,0.20625,8.690428784166183
6.5,0.2578125,8.897608699888428
6.5,0.309375,8.951435598459103
6.5,0.3609375,9.067295830169282
6.5,0.4125,9.095029677894452
6.5,0.4640625,9.153333902699792
6.5,0.515625,9.232008059365517
6.5,0.5671875,9.351205010662987
6.5,0.61875,9.76035177075395
6.5,0.6703125,9.84391999686214
6.5,0.721875,9.952746644406961
6.5,0.7734375,10.10933442084951
6.5,0.825,10.422927496070958
6.5,0.8765625,10.88024216229509
6.5,0.928125,10.98167078380964
6.5,0.9796875,11.05002927475699
6.5,1.03125,11.159540778973868
6.5,1.0828125,20.19470418298935
6.5,1.134375,22.662152770069206
6.5,1.1859375,22.585505963559438
6.5,1.2375,22.53523258630831
6.5,1.2890625,22.478438123311882
6.5,1.340625,23.16267201840712
6.5,1.3921875,22.342352674056745
6.5,1.44375,22.214341635124597
6.5,1.4953125,22.201182224971316
6.5,1.546875,22.174489944515614
6.5,1.5984375,23.354371629944936
6.5,1.65,23.452254703903037
6.5,1.7015625,23.437735464415248
6.5,1.753125,23.431171477333987
6.5,1.8046875,23.424660251174995
6.5,1.85625,24.194318805712296
6.5,1.9078125,22.816885381081846
6.5,1.959375,22.80618791842951
6.5,2.0109375,22.802266420513433
6.5,2.0625,2.1310023076113644
6.5,2.1140625,-4.04253449629775
6.5,2.165625,-4.754748118901128
6.5,2.2171875,-4.769578044733958
6.5,2.26875,-4.771152447464291
6.5,2.3203125,-4.891376604784422
6.5,2.371875,-6.852163181236312
6.5,2.4234375,-6.914537019335442
6.5,2.475,-6.918310457989021
6.5,2.5265625,-6.9177189020448635
6.5,2.578125,-6.916511894909921
6.5,2.6296875,-6.76004041299457
6.5,2.68125,-6.744227694737916
6.5,2.7328125,-6.743055722378507
6.5,2.784375,-6.742370190637137
6.5,2.8359375,-6.454176497679182
6.5,2.8875,-6.025198224697352
6.5,2.9390625,-6.005666021027024
6.5,2.990625,-6.004876802802919
6.5,3.0421875,-6.004551003240872
6.5,3.09375,-5.9310920611122695
6.5,3.1453125,-5.517406289034806
6.5,3.196875,-5.4083990831091935
6.5,3.2484375,-5.414554031076867
6.5,3.3,-5.414864245541667
6.5,3.3515625,-5.380955561512295
6.5,3.403125,-4.915896366882686
6.5,3.4546875,-4.877282442931533
6.5,3.50625,-4.876857571397276
6.5,3.5578125,-4.876398728634511
6.5,3.609375,-4.671226415979929
6.5,3.6609375,-4.548004832211284
6.5,3.7125,-4.541004880102863
6.5,3.7640625,-4.5405775280062
6.5,3.815625,-4.540481061467975
6.5,3.8671875,-4.515940940482052
6.5,3.91875,-4.492046856304674
6.5,3.9703125,-4.491128443138811
6.5,4.021875,-4.490902231579612
6.5,4.0734375,-4.490626404618831
6.5,4.125,-4.48969684370249
6.5,4.1765625,-4.695204698466438
6.5,4.228125,-4.889039291202268
6.75,0.0,6.927919211236389
6.75,0.0515625,8.070092922936743
6.75,0.103125,8.420271853974311
6.75,0.1546875,8.8383724976983
6.75,0.20625,8.800728649693747
6.75,0.2578125,9.024067156989778
6.75,0.309375,9.131617910138868
6.75,0.3609375,9.223381755758465
6.75,0.4125,9.418284032186728
6.75,0.4640625,9.43438264530434
6.75,0.515625,9.543682042493595
6.75,0.5671875,9.541406153952753
6.75,0.61875,9.721574646405172
6.75,0.6703125,9.856817618234876
6.75,0.721875,9.96292597685406
6.75,0.7734375,9.991378764543345
6.75,0.825,10.216780162350974
6.75,0.8765625,10.53766217786813
6.75,0.928125,10.766435433469306
6.75,0.9796875,10.872849904838944
6.75,1.03125,10.884745111316505
6.75,1.0828125,20.22249244499808
6.75,1.134375,21.363725679411072
6.75,1.1859375,21.247315443088738
6.75,1.2375,21.214709426678443
6.75,1.2890625,21.18330427409743
6.75,1.340625,20.411710334575037
6.75,1.3921875,19.578708066271517
6.75,1.44375,19.503660573464753
6.75,1.4953125,19.49852446795347
6.75,1.546875,19.487400901192736
6.75,1.5984375,19.507192134476394
6.75,1.65,19.02952357141132
6.75,1.7015625,18.993935384032344
6.75,1.753125,18.991907926796472
6.75,1.8046875,18.98877542092604
6.75,1.85625,18.286536218311536
6.75,1.9078125,17.71828600782095
6.75,1.959375,17.705279730676715
6.75,2.0109375,17.70349431973856
6.75,2.0625,-9.031228181621751
6.75,2.1140625,-12.326371735858803
6.75,2.165625,-12.845107056703744
6.75,2.2171875,-12.851092322814978
6.75,2.26875,-12.852713015772716
6.75,2.3203125,-12.95217788433899
6.75,2.371875,-14.589508162150363
6.75,2.4234375,-14.667022247786841
6.75,2.475,-14.669956256872814
6.75,2.5265625,-14.669938556253916
6.75,2.578125,-14.669176119960973
6.75,2.6296875,-14.240872947408171
6.75,2.68125,-14.215087398933335
6.75,2.7328125,-14.213993915208025
6.75,2.784375,-14.21323131283145
6.75,2.8359375,-13.820451786760833
6.75,2.8875,-13.365589285650763
6.75,2.9390625,-13.335811904173717
6.75,2.990625,-13.33447369232209
6.75,3.0421875,-13.333842995416896
6.75,3.09375,-13.24848236998169
6.75,3.1453125,-12.768214081699782
6.75,3.196875,-12.659030730348972
6.75,3.2484375,-12.670040740585033
6.75,3.3,-12.670559678428013
6.75,3.3515625,-12.639334145589673
6.75,3.403125,-12.295231758314438
6.75,3.4546875,-12.239090652398703
6.75,3.50625,-12.238421216257603
6.75,3.5578125,-12.237949835679826
6.75,3.609375,-12.21268986166895
6.75,3.6609375,-12.096600964368209
6.75,3.7125,-12.085090332984185
6.75,3.7640625,-12.084750000600994
6.75,3.815625,-12.084622741575862
6.75,3.8671875,-12.081074981905191
6.75,3.91875,-12.092867981209244
6.75,3.9703125,-12.093487863312655
6.75,4.021875,-12.093561665840518
6.75,4.0734375,-12.093680256740631
6.75,4.125,-12.093801669831262
6.75,4.1765625,-12.355143098605332
6.75,4.228125,-13.131843163346119
7.0,0.0,7.232899680824497
7.0,0.0515625,8.030801440536834
7.0,0.103125,8.413322687419495
7.0,0.1546875,8.373653912705363
7.0,0.20625,8.449406488598475
7.0,0.2578125,8.639058690962981
7.0,0.309375,8.788665245679283
7.0,0.3609375,8.973197675748564
7.0,0.4125,9.021892095356332
7.0,0.4640625,9.01526618499414
7.0,0.515625,9.0949023325266
7.0,0.5671875,9.693625166840231
7.0,0.61875,10.905409450575892
7.0,0.6703125,11.460682778243154
7.0,0.721875,11.916452900187952
7.0,0.7734375,12.1164608212151
7.0,0.825,12.427128195871763
7.0,0.8765625,12.913287347555249
7.0,0.928125,13.136282566912438
7.0,0.9796875,13.378668751353636
7.0,1.03125,13.54731489556012
7.0,1.0828125,17.28875114620176
7.0,1.134375,17.5134172518083
7.0,1.1859375,17.46294622087352
7.0,1.2375,17.429170290307134
7.0,1.2890625,17.411965727103137
7.0,1.340625,16.378248087606963
7.0,1.3921875,15.375758879350265
7.0,1.44375,15.3250182547153
7.0,1.4953125,15.320981814257257
7.0,1.546875,15.320826940561172
7.0,1.5984375,15.74892923038561
7.0,1.65,15.42194434536815
7.0,1.7015625,15.375057432081846
7.0,1.753125,15.373832819654215
7.0,1.8046875,15.36987279978425
7.0,1.85625,15.329187786662427
7.0,1.9078125,15.235172442139817
7.0,1.959375,15.215001709843063
7.0,2.0109375,15.207832602973914
7.0,2.0625,-7.131559092043759
7.0,2.1140625,-10.6728032094116
7.0,2.165625,-10.881473156609573
7.0,2.2171875,-10.889979405659416
7.0,2.26875,-10.89235604810721
7.0,2.3203125,-10.97163112629129
7.0,2.371875,-12.392339409325647
7.0,2.4234375,-12.410075597786625
7.0,2.475,-12.411114472129865
7.0,2.5265625,-12.408780410363644
7.0,2.578125,-12.406702345303414
7.0,2.6296875,-11.752168810970788
7.0,2.68125,-11.647811224546649
7.0,2.7328125,-11.64354863044049
7.0,2.784375,-11.642087798649838
7.0,2.8359375,-11.368378705679074
7.0,2.8875,-10.98644744218256
7.0,2.9390625,-10.950520872176037
7.0,2.990625,-10.947888302516409
7.0,3.0421875,-10.946604720007096
7.0,3.09375,-10.902817674859392
7.0,3.1453125,-10.504705421224605
7.0,3.196875,-10.43071212059353
7.0,3.2484375,-10.436313488898215
7.0,3.3,-10.436289090878322
7.0,3.3515625,-10.411600520720388
7.0,3.403125,-10.092226871315306
7.0,3.4546875,-10.061697544235795
7.0,3.50625,-10.06063697609191
7.0,3.5578125,-10.059600340496415
7.0,3.609375,-9.975537672459687
7.0,3.6609375,-9.892068124899774
7.0,3.7125,-9.884397714173442
7.0,3.7640625,-9.883411664461207
7.0,3.815625,-9.883156415382762
7.0,3.8671875,-9.871001948902277
7.0,3.91875,-9.954392088176524
7.0,3.9703125,-9.95763479966024
7.0,4.021875,-9.95864424593514
7.0,4.0734375,-9.959339827831514
7.0,4.125,-9.963766203543397
7.0,4.1765625,-10.142211403851649
7.0,4.228125,-10.262078621390154
7.25,0.0,6.362048055421132
7.25,0.0515625,7.6005233303802555
7.25,0.103125,8.389616249790592
7.25,0.1546875,8.58848431431364
7.25,0.20625,8.679205023279867
7.25,0.2578125,8.93353709854147
7.25,0.309375,9.078485578169564
7.25,0.3609375,9.204035812338482
7.25,0.4125,9.136301172242364
7.25,0.4640625,9.171384657299454
7.25,0.515625,9.243778991498049
7.25,0.5671875,10.43784940262968
7.25,0.61875,11.642980666659588
7.25,0.6703125,12.397364548783633
7.25,0.721875,12.830066703890084
7.25,0.7734375,13.180301784675441
7.25,0.825,13.842330159961225
7.25,0.8765625,14.12034838322043
7.25,0.928125,14.545676497536647
7.25,0.9796875,14.516117422753211
7.25,1.03125,14.580714650189055
7.25,1.0828125,16.871607916244688
7.25,1.134375,17.122274274157043
7.25,1.1859375,17.120118725548103
7.25,1.2375,17.08700866148137
7.25,1.2890625,17.077211318291756
7.25,1.340625,16.9198610232593
7.25,1.3921875,16.435193717503314
7.25,1.44375,16.36482918655635
7.25,1.4953125,16.36872958940639
7.25,1.546875,16.354432599816914
7.25,1.5984375,16.009236351489157
7.25,1.65,15.829451979454674
7.25,1.7015625,15.826259767005457
7.25,1.753125,15.812320407152614
7.25,1.8046875,15.78506838201999
7.25,1.85625,15.58837337942319
7.25,1.9078125,15.299084326173649
7.25,1.959375,15.265647988816987
7.25,2.0109375,15.226006097028131
7.25,2.0625,-2.904592843604999
7.25,2.1140625,-5.330460398583428
7.25,2.165625,-5.401698279969312
7.25,2.2171875,-5.428798372507718
7.25,2.26875,-5.440039061922923
7.25,2.3203125,-6.028568686869999
7.25,2.371875,-6.941394281167002
7.25,2.4234375,-7.063794271051993
7.25,2.475,-7.066228220717639
7.25,2.5265625,-7.059490357253544
7.25,2.578125,-7.048067585421344
7.25,2.6296875,-6.010902539129815
7.25,2.68125,-5.855081106946373
7.25,2.7328125,-5.834769650867301
7.25,2.784375,-5.830787231399959
7.25,2.8359375,-5.5676119421216175
7.25,2.8875,-5.149924244776786
7.25,2.9390625,-5.101616693599897
7.25,2.990625,-5.0953324063436565
7.25,3.0421875,-5.09169053162184
7.25,3.09375,-4.973392616074099
7.25,3.1453125,-4.691749550322114
7.25,3.196875,-4.627545758576917
7.25,3.2484375,-4.625278072866891
7.25,3.3,-4.623665574596718
7.25,3.3515625,-4.51003332071944
7.25,3.403125,-4.316563916856733
7.25,3.4546875,-4.296846435367926
7.25,3.50625,-4.293908977385055
7.25,3.5578125,-4.291696147224248
7.25,3.609375,-3.914368170194334
7.25,3.6609375,-3.535770126223426
7.25,3.7125,-3.5106493970210897
7.25,3.7640625,-3.5080641664084578
7.25,3.815625,-3.5142426331818752
7.25,3.8671875,-3.8516268668028397
7.25,3.91875,-4.931546249139889
7.25,3.9703125,-4.9515145208083595
7.25,4.021875,-4.95740327642179
7.25,4.0734375,-4.960795156237409
7.25,4.125,-5.102256962500088
7.25,4.1765625,-5.685627525685004
7.25,4.228125,-5.792882553575865
7.5,0.0,4.553946861552692
7.5,0.0515625,6.89011557871185
7.5,0.103125,7.844917856610492
7.5,0.1546875,8.559220428722252
7.5,0.20625,8.661620946821483
7.5,0.2578125,8.792316068159515
7.5,0.309375,8.917602576505963
7.5,0.3609375,9.038971516053529
7.5,0.4125,9.090326628404418
7.5,0.4640625,9.170570133255918
7.5,0.515625,9.215282270692718
7.5,0.5671875,10.070780101969623
7.5,0.61875,10.833138250696216
7.5,0.6703125,11.462349091252547
7.5,0.721875,11.6811998289357
7.5,0.7734375,12.041748812132278
7.5,0.825,12.347771405480533
7.5,0.8765625,12.786873322313363
7.5,0.928125,13.037052817607094
7.5,0.9796875,13.112074739713782
7.5,1.03125,13.119870932591526
7.5,1.0828125,20.773977066596583
7.5,1.134375,20.704175751329743
7.5,1.1859375,20.6590583670457
7.5,1.2375,20.593718383028914
7.5,1.2890625,20.527648521698296
7.5,1.340625,19.57789959471913
7.5,1.3921875,19.52020913978516
7.5,1.44375,19.490252634007284
7.5,1.4953125,19.464236386659366
7.5,1.546875,19.447054274312286
7.5,1.5984375,19.78290323151605
7.5,1.65,19.788536545541383
7.5,1.7015625,19.740500997779886
7.5,1.753125,19.72623967942565
7.5,1.8046875,19.71495585203343
7.5,1.85625,19.62632354859025
7.5,1.9078125,19.592650045167353
7.5,1.959375,19.48164772787906
7.5,2.0109375,19.249158086720925
7.5,2.0625,8.018875341988053
7.5,2.1140625,6.775638293739047
7.5,2.165625,6.215824037512677
7.5,2.2171875,5.659690168383382
7.5,2.26875,5.191233272037966
7.5,2.3203125,-0.837885999944826
7.5,2.371875,-6.2595689495080356
7.5,2.4234375,-7.074700586390033
7.5,2.475,-7.074368255832
7.5,2.5265625,-7.065549814781994
7.5,2.578125,-7.059039081633749
7.5,2.6296875,-6.868702533702155
7.5,2.68125,-6.772351303691132
7.5,2.7328125,-6.756442903379986
7.5,2.784375,-6.752010707940267
7.5,2.8359375,-6.381110122299743
7.5,2.8875,-6.187288613619698
7.5,2.9390625,-6.1657764086186075
7.5,2.990625,-6.160233384178103
7.5,3.0421875,-6.1560983618831475
7.5,3.09375,-5.552791676393575
7.5,3.1453125,-5.277899689794253
7.5,3.196875,-5.223174397543064
7.5,3.2484375,-5.225145732669855
7.5,3.3,-5.221309107325788
7.5,3.3515625,-5.15549760526509
7.5,3.403125,-5.011131836710624
7.5,3.4546875,-5.000888932503732
7.5,3.50625,-4.997102874665586
7.5,3.5578125,-4.9934306731195015
7.5,3.609375,-1.5150798765184579
7.5,3.6609375,0.21834243120262944
7.5,3.7125,0.35674625052856856
7.5,3.7640625,0.351001700087874
7.5,3.815625,0.28951073351662593
7.5,3.8671875,-3.916620101458153
7.5,3.91875,-17.194086041539144
7.5,3.9703125,-17.27840979630397
7.5,4.021875,-17.278876472036586
7.5,4.0734375,-17.2792503415991
7.5,4.125,-17.28680517298786
7.5,4.1765625,-18.42427131956698
7.5,4.228125,-18.435509045055593
7.75,0.0,6.051328742383786
7.75,0.0515625,7.668709563024716
7.75,0.103125,8.15279443698153
7.75,0.1546875,8.605543551522334
7.75,0.20625,8.796498615304213
7.75,0.2578125,8.877895152955858
7.75,0.309375,9.03025220879272
7.75,0.3609375,9.226086553656785
7.75,0.4125,9.228779301252914
7.75,0.4640625,9.347623585450473
7.75,0.515625,9.423205726223724
7.75,0.5671875,9.956235738259393
7.75,0.61875,10.685658925714305
7.75,0.6703125,11.058902421781982
7.75,0.721875,11.28654624382093
7.75,0.7734375,11.91346233380134
7.75,0.825,12.270474915305323
7.75,0.8765625,12.716323116497533
7.75,0.928125,13.004577544249091
7.75,0.9796875,13.018224606343242
7.75,1.03125,13.186929726643646
7.75,1.0828125,20.992798042701434
7.75,1.134375,21.236440411050836
7.75,1.1859375,21.179476417418286
7.75,1.2375,21.058417585934524
7.75,1.2890625,20.977650033809347
7.75,1.340625,21.59159224042115
7.75,1.3921875,21.670072947907183
7.75,1.44375,21.607176716984313
7.75,1.4953125,21.520770765814646
7.75,1.546875,21.404647897430813
7.75,1.5984375,16.5884646995421
7.75,1.65,16.59266500850995
7.75,1.7015625,16.59470523439184
7.75,1.753125,16.593969135095744
7.75,1.8046875,16.59284741204455
7.75,1.85625,16.470972491027943
7.75,1.9078125,16.455809551385826
7.75,1.959375,16.45422910822838
7.75,2.0109375,16.422681340546834
7.75,2.0625,4.186446890865514
7.75,2.1140625,4.258294648181499
7.75,2.165625,4.263700530826474
7.75,2.2171875,4.247839145291084
7.75,2.26875,4.21024807587551
7.75,2.3203125,3.367828336968439
7.75,2.371875,-3.311639001106614
7.75,2.4234375,-3.904725432815093
7.75,2.475,-3.9008706287339616
7.75,2.5265625,-3.8971728180396132
7.75,2.578125,-3.8932776481787297
7.75,2.6296875,-3.8478007482503847
7.75,2.68125,-3.8384231335533108
7.75,2.7328125,-3.834908587751564
7.75,2.784375,-3.832777980173714
7.75,2.8359375,-2.5593366188093194
7.75,2.8875,-2.5314108712518903
7.75,2.9390625,-2.526522197904042
7.75,2.990625,-2.5247998244093717
7.75,3.0421875,-2.5231854893491046
7.75,3.09375,-2.4379694902393916
7.75,3.1453125,-2.382220752058961
7.75,3.196875,-2.355332997269949
7.75,3.2484375,-2.3426378069665676
7.75,3.3,-2.3433822288347956
7.75,3.3515625,-2.3179370474071246
7.75,3.403125,-2.2207768448496172
7.75,3.4546875,-2.2149281562603247
7.75,3.50625,-2.21319136723175
7.75,3.5578125,-2.2119574726897775
7.75,3.609375,-0.4334902794868401
7.75,3.6609375,0.8344348250265972
7.75,3.7125,0.8874243083666791
7.75,3.7640625,0.887656495846666
7.75,3.815625,0.8805453310987301
7.75,3.8671875,0.12600097858347914
7.75,3.91875,-10.855950106058053
7.75,3.9703125,-10.893886902621308
7.75,4.021875,-10.895408662552144
7.75,4.0734375,-10.902461114757129
7.75,4.125,-10.980741850837422
7.75,4.1765625,-17.07905677536667
7.75,4.228125,-17.09473134618985
8.0,0.0,5.571369900718755
8.0,0.0515625,6.363940064517955
8.0,0.103125,6.739353354936925
8.0,0.1546875,7.7786761528233095
8.0,0.20625,7.7102345060646735
8.0,0.2578125,7.8893043743681055
8.0,0.309375,8.20313985125477
8.0,0.3609375,8.357224719279454
8.0,0.4125,8.35133846227343
8.0,0.4640625,8.375214347938586
8.0,0.515625,8.41749331591864
8.0,0.5671875,9.54090895790494
8.0,0.61875,10.1238638019311
8.0,0.6703125,10.629325654325246
8.0,0.721875,10.904696409839618
8.0,0.7734375,11.572502814709733
8.0,0.825,12.06605932532919
8.0,0.8765625,12.675928698274554
8.0,0.928125,13.181118349467845
8.0,0.9796875,13.320876450253907
8.0,1.03125,13.62740280573391
8.0,1.0828125,17.24912836534642
8.0,1.134375,17.502297099931276
8.0,1.1859375,17.48208479737224
8.0,1.2375,17.40336295461591
8.0,1.2890625,17.44965099470389
8.0,1.340625,17.930566390587956
8.0,1.3921875,18.22445862157963
8.0,1.44375,18.22073068761666
8.0,1.4953125,18.213656815053476
8.0,1.546875,17.818291743606046
8.0,1.5984375,13.804594737784662
8.0,1.65,13.839593158723156
8.0,1.7015625,13.84451663786767
8.0,1.753125,13.847073707755001
8.0,1.8046875,13.851465952840083
8.0,1.85625,13.851693088288421
8.0,1.9078125,13.856674073227968
8.0,1.959375,13.85747736250124
8.0,2.0109375,13.854731395225112
8.0,2.0625,6.133516921266762
8.0,2.1140625,5.4159795808115465
8.0,2.165625,5.327053078013967
8.0,2.2171875,5.181691682222157
8.0,2.26875,5.111329032659717
8.0,2.3203125,1.8830602463803883
8.0,2.371875,-2.0461565617188517
8.0,2.4234375,-2.8654026639044785
8.0,2.475,-2.870641877617239
8.0,2.5265625,-2.8665802865099463
8.0,2.578125,-2.859120744567327
8.0,2.6296875,-2.7737676916608374
8.0,2.68125,-2.7600319713613475
8.0,2.7328125,-2.756162310942196
8.0,2.784375,-2.7537397913997768
8.0,2.8359375,-1.5530184198508925
8.0,2.8875,-1.5343599447859078
8.0,2.9390625,-1.5314292624211236
8.0,2.990625,-1.5290927205833216
8.0,3.0421875,-1.5277509770720532
8.0,3.09375,-1.4640476919165883
8.0,3.1453125,-1.4071840723584876
8.0,3.196875,-1.3645407454613077
8.0,3.2484375,-1.356023649827366
8.0,3.3,-1.3569892745792895
8.0,3.3515625,-1.334051590110024
8.0,3.403125,-1.2135745783368124
8.0,3.4546875,-1.2063784918654759
8.0,3.50625,-1.204535885938682
8.0,3.5578125,-1.2027099889798885
8.0,3.609375,-0.951623159756872
8.0,3.6609375,-0.786936531917814
8.0,3.7125,-0.7778078799805886
8.0,3.7640625,-0.7726082090847965
8.0,3.815625,-0.7717983907096282
8.0,3.8671875,-0.7096260482951667
8.0,3.91875,-1.3639103438615088
8.0,3.9703125,-1.3840494189950614
8.0,4.021875,-1.4010497911497974
8.0,4.0734375,-1.512901667206987
8.0,4.125,-2.5396058533599857
8.0,4.1765625,-4.3321386002439155
8.0,4.228125,-4.352728300901982